,candidate,batch,length,cap,substring-cap,s-o-sCap,all-cap,non-cap,non-discriminative,cumulative,Z_ScoreUnweighted,normalized_cap,normalized_capnormalized_substring-cap,normalized_s-o-sCap,normalized_all-cap,normalized_non-cap,normalized_non-discriminative,probability,status
86,hillary,0,1,11,0,0,0,0,0,11,0.3598087423,1,0,0,0,0,0,0.9882726877,g
136,rice,0,1,4,0,0,0,0,0,4,-0.0995046301,1,0,0,0,0,0,0.9882726877,g
240,canadian,0,1,4,0,0,0,0,0,4,-0.0995046301,1,0,0,0,0,0,0.9882726877,g
416,zayn,0,1,3,0,0,0,0,0,3,-0.1651208261,1,0,0,0,0,0,0.9882726877,g
481,english,0,1,3,0,0,0,0,0,3,-0.1651208261,1,0,0,0,0,0,0.9882726877,g
576,village,0,1,4,0,0,0,0,0,4,-0.0995046301,1,0,0,0,0,0,0.9882726877,g
585,europeans,0,1,4,0,0,0,0,0,4,-0.0995046301,1,0,0,0,0,0,0.9882726877,g
593,christian,0,1,7,0,0,0,0,0,7,0.0973439581,1,0,0,0,0,0,0.9882726877,g
616,muslims,0,1,4,0,0,0,0,0,4,-0.0995046301,1,0,0,0,0,0,0.9882726877,g
753,africans,0,1,3,0,0,0,0,0,3,-0.1651208261,1,0,0,0,0,0,0.9882726877,g
874,david,0,1,3,0,0,0,0,0,3,-0.1651208261,1,0,0,0,0,0,0.9882726877,g
923,aldo,0,1,3,0,0,0,0,0,3,-0.1651208261,1,0,0,0,0,0,0.9882726877,g
949,malibu,0,1,3,0,0,0,0,0,3,-0.1651208261,1,0,0,0,0,0,0.9882726877,g
951,russians,0,1,5,0,0,0,0,0,5,-0.033888434,1,0,0,0,0,0,0.9882726877,g
1084,manafort,0,1,4,0,0,0,0,0,4,-0.0995046301,1,0,0,0,0,0,0.9882726877,g
392,flynn,0,1,9,0,0,1,0,0,10,0.2941925463,0.9,0,0,0.1,0,0,0.9865924331,g
251,rodriguez get,0,2,3,0,0,0,0,0,3,-0.1651208261,1,0,0,0,0,0,0.9842314021,g
381,damian maia,0,2,3,0,0,0,0,0,3,-0.1651208261,1,0,0,0,0,0,0.9842314021,g
622,bad things,0,2,6,0,0,0,0,0,6,0.031727762,1,0,0,0,0,0,0.9842314021,g
670,jeff sessions,0,2,3,0,0,0,0,0,3,-0.1651208261,1,0,0,0,0,0,0.9842314021,g
784,hailee steinfeld,0,2,7,0,0,0,0,0,7,0.0973439581,1,0,0,0,0,0,0.9842314021,g
788,donald trump,0,2,4,0,0,0,0,0,4,-0.0995046301,1,0,0,0,0,0,0.9842314021,g
801,eddie alvarez,0,2,3,0,0,0,0,0,3,-0.1651208261,1,0,0,0,0,0,0.9842314021,g
833,susan rice,0,2,5,0,0,0,0,0,5,-0.033888434,1,0,0,0,0,0,0.9842314021,g
907,washington post,0,2,23,0,0,0,0,0,23,1.147203095,1,0,0,0,0,0,0.9842314021,g
357,australian,0,1,8,0,0,0,0,1,9,0.2285763502,0.8888888889,0,0,0,0,0.1111111111,0.9819111459,g
321,house republicans,0,2,34,0,0,0,0,2,36,2.0002136437,0.9444444444,0,0,0,0,0.0555555556,0.9804550407,g
571,trumpcare,0,1,6,0,0,0,0,1,7,0.0973439581,0.8571428571,0,0,0,0,0.1428571429,0.979382628,g
682,hitler,0,1,6,0,0,0,0,1,7,0.0973439581,0.8571428571,0,0,0,0,0.1428571429,0.979382628,g
1100,russia,0,1,42,0,2,0,2,1,47,2.7219918004,0.8936170213,0,0.0425531915,0,0.0425531915,0.0212765957,0.9787320975,g
738,this town,0,2,5,0,0,1,0,0,6,0.031727762,0.8333333333,0,0,0.1666666667,0,0,0.9786492751,g
302,wapo,0,1,3,0,0,2,0,0,5,-0.033888434,0.6,0,0,0.4,0,0,0.9784696834,g
260,frankie edgar,0,2,22,1,0,0,0,1,24,1.2128192911,0.9166666667,0.0416666667,0,0,0,0.0416666667,0.9779111,g
574,jolene,0,1,5,0,0,0,0,1,6,0.031727762,0.8333333333,0,0,0,0,0.1666666667,0.9772175019,g
56,jorge,0,1,7,0,2,0,0,0,9,0.2285763502,0.7777777778,0,0.2222222222,0,0,0,0.9759786684,g
88,sweden,0,1,4,0,0,0,0,1,5,-0.033888434,0.8,0,0,0,0,0.2,0.9737407348,g
673,american,0,1,12,0,0,0,0,3,15,0.6222735266,0.8,0,0,0,0,0.2,0.9737407348,g
799,lynch,0,1,4,0,0,0,0,1,5,-0.033888434,0.8,0,0,0,0,0.2,0.9737407348,g
64,americans,0,1,13,0,1,0,1,0,15,0.6222735266,0.8666666667,0,0.0666666667,0,0.0666666667,0,0.97359859,g
936,ukraine,0,1,6,0,2,0,0,0,8,0.1629601542,0.75,0,0.25,0,0,0,0.9734814708,g
991,dems,0,1,9,0,3,0,0,0,12,0.4254249384,0.75,0,0.25,0,0,0,0.9734814708,g
276,numb,0,1,12,0,0,0,1,1,14,0.5566573305,0.8571428571,0,0,0,0.0714285714,0.0714285714,0.9702583243,g
1005,joe silva,0,2,2,0,0,1,0,0,3,-0.1651208261,0.6666666667,0,0,0.3333333333,0,0,0.9701703157,g
737,jorge masvidal,0,2,5,0,0,0,0,1,6,0.031727762,0.8333333333,0,0,0,0,0.1666666667,0.9691645951,g
157,trump,0,1,160,1,11,3,9,18,202,12.8925021891,0.7920792079,0.004950495,0.0544554455,0.0148514851,0.0445544554,0.0891089109,0.9687986017,g
330,joe,0,1,3,0,0,0,0,1,4,-0.0995046301,0.75,0,0,0,0,0.25,0.9673718838,g
355,syria,0,1,6,0,0,0,0,2,8,0.1629601542,0.75,0,0,0,0,0.25,0.9673718838,g
873,carson,0,1,3,0,0,0,0,1,4,-0.0995046301,0.75,0,0,0,0,0.25,0.9673718838,g
1004,moscow,0,1,3,0,0,0,0,1,4,-0.0995046301,0.75,0,0,0,0,0.25,0.9673718838,g
742,yair rodriguez,0,2,9,0,0,0,0,2,11,0.3598087423,0.8181818182,0,0,0,0,0.1818181818,0.9671140919,g
288,nunes,0,1,5,0,1,0,0,1,7,0.0973439581,0.7142857143,0,0.1428571429,0,0,0.1428571429,0.9665481485,g
713,maia,0,1,77,0,31,0,0,4,112,6.987044544,0.6875,0,0.2767857143,0,0,0.0357142857,0.9659489367,g
623,demian maia,0,2,13,1,0,0,0,2,16,0.6878897226,0.8125,0.0625,0,0,0,0.125,0.9658413611,g
474,instagram,0,1,10,0,0,0,1,1,12,0.4254249384,0.8333333333,0,0,0,0.0833333333,0.0833333333,0.9650557083,g
656,devin nunes,0,2,4,0,0,0,0,1,5,-0.033888434,0.8,0,0,0,0,0.2,0.9644531518,g
952,united kingdom,0,2,4,0,0,0,0,1,5,-0.033888434,0.8,0,0,0,0,0.2,0.9644531518,g
841,carter page,0,2,221,1,0,0,6,40,268,17.2231711289,0.8246268657,0.0037313433,0,0,0.0223880597,0.1492537313,0.9642909005,g
1030,russian,0,1,15,0,0,0,1,3,19,0.8847383108,0.7894736842,0,0,0,0.0526315789,0.1578947368,0.964086549,g
91,california,0,1,2,0,1,0,0,0,3,-0.1651208261,0.6666666667,0,0.3333333333,0,0,0,0.9640150234,g
247,george,0,1,2,0,1,0,0,0,3,-0.1651208261,0.6666666667,0,0.3333333333,0,0,0,0.9640150234,g
809,holloway,0,1,2,0,1,0,0,0,3,-0.1651208261,0.6666666667,0,0.3333333333,0,0,0,0.9640150234,g
898,gamebred,0,1,2,0,1,0,0,0,3,-0.1651208261,0.6666666667,0,0.3333333333,0,0,0,0.9640150234,g
1021,carter page fisa,0,3,4,0,0,0,0,0,4,-0.0995046301,1,0,0,0,0,0,0.9639374462,g
802,yair,0,1,12,0,4,0,0,2,18,0.8191221147,0.6666666667,0,0.2222222222,0,0,0.1111111111,0.9612601317,g
204,congress,0,1,10,0,1,0,1,1,13,0.4910411344,0.7692307692,0,0.0769230769,0,0.0769230769,0.0769230769,0.9584546383,g
398,george soros,0,2,6,0,0,0,0,2,8,0.1629601542,0.75,0,0,0,0,0.25,0.9558588195,g
1023,salvador sobral,0,2,3,0,0,0,0,1,4,-0.0995046301,0.75,0,0,0,0,0.25,0.9558588195,g
1069,slow hands,0,2,6,0,0,0,0,2,8,0.1629601542,0.75,0,0,0,0,0.25,0.9558588195,g
1071,rodriguez,0,1,3,0,2,0,0,0,5,-0.033888434,0.6,0,0.4,0,0,0,0.9537524838,g
20,brexit,0,1,2,0,0,0,0,1,3,-0.1651208261,0.6666666667,0,0,0,0,0.3333333333,0.9527850789,g
684,muslim,0,1,2,0,0,0,0,1,3,-0.1651208261,0.6666666667,0,0,0,0,0.3333333333,0.9527850789,g
843,africa,0,1,2,0,0,0,0,1,3,-0.1651208261,0.6666666667,0,0,0,0,0.3333333333,0.9527850789,g
1111,america,0,1,17,0,4,0,1,4,26,1.3440516832,0.6538461538,0,0.1538461538,0,0.0384615385,0.1538461538,0.9472086357,g
76,ireland,0,1,3,0,1,0,0,1,5,-0.033888434,0.6,0,0.2,0,0,0.2,0.9469829521,g
301,ukrainian,0,1,3,0,1,0,0,1,5,-0.033888434,0.6,0,0.2,0,0,0.2,0.9469829521,g
908,moldova,0,1,3,0,1,0,0,1,5,-0.033888434,0.6,0,0.2,0,0,0.2,0.9469829521,g
205,aca,0,1,0,0,0,4,0,0,4,-0.0995046301,0,0,0,1,0,0,0.9424807849,g
234,hq,0,1,0,0,0,3,0,0,3,-0.1651208261,0,0,0,1,0,0,0.9424807849,g
254,ahca,0,1,0,0,0,5,0,0,5,-0.033888434,0,0,0,1,0,0,0.9424807849,g
291,dt,0,1,0,0,0,3,0,0,3,-0.1651208261,0,0,0,1,0,0,0.9424807849,g
337,cbo,0,1,0,0,0,6,0,0,6,0.031727762,0,0,0,1,0,0,0.9424807849,g
626,poc,0,1,0,0,0,4,0,0,4,-0.0995046301,0,0,0,1,0,0,0.9424807849,g
658,djt,0,1,0,0,0,3,0,0,3,-0.1651208261,0,0,0,1,0,0,0.9424807849,g
710,mlk,0,1,0,0,0,6,0,0,6,0.031727762,0,0,0,1,0,0,0.9424807849,g
728,tko,0,1,0,0,0,5,0,0,5,-0.033888434,0,0,0,1,0,0,0.9424807849,g
868,dnc,0,1,0,0,0,3,0,0,3,-0.1651208261,0,0,0,1,0,0,0.9424807849,g
1034,mma,0,1,0,0,0,5,0,0,5,-0.033888434,0,0,0,1,0,0,0.9424807849,g
1001,portugal,0,1,19,0,9,0,0,6,34,1.8689812516,0.5588235294,0,0.2647058824,0,0,0.1764705882,0.9393884718,g
565,frankie,0,1,11,0,6,0,0,3,20,0.9503545068,0.55,0,0.3,0,0,0.15,0.9385627629,g
723,senate,0,1,15,0,0,0,3,1,19,0.8847383108,0.7894736842,0,0,0,0.1578947368,0.0526315789,0.9379609909,g
331,fisa,0,1,1,0,0,11,0,1,13,0.4910411344,0.0769230769,0,0,0.8461538462,0,0.0769230769,0.9377091371,g
379,demian,0,1,3,0,0,0,0,2,5,-0.033888434,0.6,0,0,0,0,0.4,0.9363607716,g
19,african americans,0,2,2,0,0,0,0,1,3,-0.1651208261,0.6666666667,0,0,0,0,0.3333333333,0.9363520626,g
279,liberty university,0,2,2,0,0,0,0,1,3,-0.1651208261,0.6666666667,0,0,0,0,0.3333333333,0.9363520626,g
340,holocaust centers,0,2,2,0,0,0,0,1,3,-0.1651208261,0.6666666667,0,0,0,0,0.3333333333,0.9363520626,g
343,white house,0,2,2,0,0,0,0,1,3,-0.1651208261,0.6666666667,0,0,0,0,0.3333333333,0.9363520626,g
771,fox news,0,2,2,0,0,0,0,1,3,-0.1651208261,0.6666666667,0,0,0,0,0.3333333333,0.9363520626,g
1045,chris hayes,0,2,2,0,0,0,0,1,3,-0.1651208261,0.6666666667,0,0,0,0,0.3333333333,0.9363520626,g
83,on the loose,0,3,9,0,0,0,0,2,11,0.3598087423,0.8181818182,0,0,0,0,0.1818181818,0.935588618,g
201,fbi,0,1,5,0,0,125,1,7,138,8.6930656415,0.0362318841,0,0,0.9057971014,0.0072463768,0.0507246377,0.9347731598,g
548,germany,0,1,2,0,2,0,0,0,4,-0.0995046301,0.5,0,0.5,0,0,0,0.9322985221,g
941,alessia,0,1,2,0,2,0,0,0,4,-0.0995046301,0.5,0,0.5,0,0,0,0.9322985221,g
960,obamacare,0,1,20,0,2,0,3,4,29,1.5409002713,0.6896551724,0,0.0689655172,0,0.1034482759,0.1379310345,0.9322835619,g
1104,scarface,0,1,12,0,1,0,2,2,17,0.7535059187,0.7058823529,0,0.0588235294,0,0.1176470588,0.1176470588,0.9314955074,g
1109,obama,0,1,15,0,3,0,1,6,25,1.2784354871,0.6,0,0.12,0,0.04,0.24,0.9305020993,g
860,edgar,0,1,8,0,5,0,0,3,16,0.6878897226,0.5,0,0.3125,0,0,0.1875,0.9239238373,g
828,prince,0,1,5,0,0,1,1,1,8,0.1629601542,0.625,0,0,0.125,0.125,0.125,0.923259763,g
127,comey,0,1,6,0,3,0,0,3,12,0.4254249384,0.5,0,0.25,0,0,0.25,0.9202690952,g
163,romania,0,1,2,0,1,0,0,1,4,-0.0995046301,0.5,0,0.25,0,0,0.25,0.9202690952,g
390,salvador,0,1,4,0,2,0,0,2,8,0.1629601542,0.5,0,0.25,0,0,0.25,0.9202690952,g
712,croatia,0,1,2,0,1,0,0,1,4,-0.0995046301,0.5,0,0.25,0,0,0.25,0.9202690952,g
67,masvidal,0,1,39,0,31,0,3,2,75,4.55924529,0.52,0,0.4133333333,0,0.04,0.0266666667,0.9199694655,g
116,linkin park,0,2,20,2,0,0,2,5,29,1.5409002713,0.6896551724,0.0689655172,0,0,0.0689655172,0.1724137931,0.9187444057,g
1054,gop,0,1,1,0,0,24,0,5,30,1.6065164674,0.0333333333,0,0,0.8,0,0.1666666667,0.9161473505,g
629,wango tango,0,2,3,0,0,0,0,2,5,-0.033888434,0.6,0,0,0,0,0.4,0.9146740169,g
611,carter,0,1,3,0,1,0,0,2,6,0.031727762,0.5,0,0.1666666667,0,0,0.3333333333,0.9146713471,g
906,msm,0,1,0,0,0,5,0,1,6,0.031727762,0,0,0,0.8333333333,0,0.1666666667,0.9121983335,g
1012,usa,0,1,0,0,0,5,0,1,6,0.031727762,0,0,0,0.8333333333,0,0.1666666667,0.9121983335,g
275,news of fisa warrant,0,4,3,0,0,0,0,0,3,-0.1651208261,1,0,0,0,0,0,0.9116907289,g
1143,ufc,0,1,0,0,0,13,1,0,14,0.5566573305,0,0,0,0.9285714286,0.0714285714,0,0.9038611281,g
397,sean spicer,0,2,8,0,0,0,0,6,14,0.5566573305,0.5714285714,0,0,0,0,0.4285714286,0.9033515273,g
388,boom,0,1,2,0,0,0,0,2,4,-0.0995046301,0.5,0,0,0,0,0.5,0.9008323867,g
1047,democrats,0,1,8,0,6,0,1,1,16,0.6878897226,0.5,0,0.375,0,0.0625,0.0625,0.8997654808,g
118,united,0,1,3,0,2,0,0,2,7,0.0973439581,0.4285714286,0,0.2857142857,0,0,0.2857142857,0.8935887208,g
573,ufc 211,0,2,0,0,0,3,0,0,3,-0.1651208261,0,0,0,1,0,0,0.8924649533,g
403,wh,0,1,0,0,0,3,0,1,4,-0.0995046301,0,0,0,0.75,0,0.25,0.8905188328,g
606,eurovision,0,1,5,0,2,0,1,1,9,0.2285763502,0.5555555556,0,0.2222222222,0,0.1111111111,0.1111111111,0.8880449498,g
594,page,0,1,15,0,1,1,4,3,24,1.2128192911,0.625,0,0.0416666667,0.0416666667,0.1666666667,0.125,0.8863302492,g
325,donald,0,1,3,0,0,0,1,0,4,-0.0995046301,0.75,0,0,0,0.25,0,0.8824602012,g
353,stipe,0,1,3,0,0,0,1,0,4,-0.0995046301,0.75,0,0,0,0.25,0,0.8824602012,g
556,snapchat,0,1,9,0,0,0,3,0,12,0.4254249384,0.75,0,0,0,0.25,0,0.8824602012,g
115,spicer,0,1,5,0,4,0,1,0,10,0.2941925463,0.5,0,0.4,0,0.1,0,0.8806631607,g
346,ronaldo,0,1,1,0,2,0,0,0,3,-0.1651208261,0.3333333333,0,0.6666666667,0,0,0,0.8737806702,g
506,britain,0,1,1,0,2,0,0,0,3,-0.1651208261,0.3333333333,0,0.6666666667,0,0,0,0.8737806702,g
878,frankieedgar,0,1,1,0,2,0,0,0,3,-0.1651208261,0.3333333333,0,0.6666666667,0,0,0,0.8737806702,g
795,liam payne,0,2,2,0,0,0,0,2,4,-0.0995046301,0.5,0,0,0,0,0.5,0.8687807279,g
1035,ppv,0,1,0,0,0,2,0,1,3,-0.1651208261,0,0,0,0.6666666667,0,0.3333333333,0.8633866237,g
688,hrc,0,1,1,0,0,3,0,3,7,0.0973439581,0.1428571429,0,0,0.4285714286,0,0.4285714286,0.8550713205,g
1117,rep,0,1,4,0,0,0,1,2,7,0.0973439581,0.5714285714,0,0,0,0.1428571429,0.2857142857,0.8550169371,g
1085,europe,0,1,13,2,1,0,3,6,25,1.2784354871,0.52,0.08,0.04,0,0.12,0.24,0.8436573825,g
1059,scared to be lonely,0,4,3,1,0,0,0,0,4,-0.0995046301,0.75,0.25,0,0,0,0,0.8433264465,g
1120,niall,0,1,24,0,36,0,0,18,78,4.7560938781,0.3076923077,0,0.4615384615,0,0,0.2307692308,0.8422976058,g
1128,hillary clinton,0,2,3,0,0,0,0,4,7,0.0973439581,0.4285714286,0,0,0,0,0.5714285714,0.8241908425,g
711,niam,0,1,3,0,1,0,0,5,9,0.2285763502,0.3333333333,0,0.1111111111,0,0,0.5555555556,0.8181125328,g
498,bjj,0,1,0,0,0,5,1,0,6,0.031727762,0,0,0,0.8333333333,0.1666666667,0,0.811163129,g
259,holocaust,0,1,1,0,0,0,0,2,3,-0.1651208261,0.3333333333,0,0,0,0,0.6666666667,0.8021484485,g
292,greece,0,1,1,0,0,0,0,2,3,-0.1651208261,0.3333333333,0,0,0,0,0.6666666667,0.8021484485,g
356,euros,0,1,1,0,0,0,0,2,3,-0.1651208261,0.3333333333,0,0,0,0,0.6666666667,0.8021484485,g
546,bush,0,1,1,0,0,0,0,2,3,-0.1651208261,0.3333333333,0,0,0,0,0.6666666667,0.8021484485,g
978,bradford,0,1,1,0,0,0,0,2,3,-0.1651208261,0.3333333333,0,0,0,0,0.6666666667,0.8021484485,g
1060,hate white people,0,3,2,1,0,0,0,1,4,-0.0995046301,0.5,0.25,0,0,0,0.25,0.7987280257,g
295,miley,0,1,6,0,14,0,1,1,22,1.081586899,0.2727272727,0,0.6363636364,0,0.0454545455,0.0454545455,0.7985072936,g
767,twitter,0,1,6,0,1,0,2,3,12,0.4254249384,0.5,0,0.0833333333,0,0.1666666667,0.25,0.7964646121,g
122,zedd,0,1,3,0,0,0,1,2,6,0.031727762,0.5,0,0,0,0.1666666667,0.3333333333,0.7843676378,g
999,house,0,1,17,0,1,0,7,5,30,1.6065164674,0.5666666667,0,0.0333333333,0,0.2333333333,0.1666666667,0.7796779324,g
826,cnn,0,1,0,0,0,5,1,1,7,0.0973439581,0,0,0,0.7142857143,0.1428571429,0.1428571429,0.77226517,g
654,clinton,0,1,3,0,1,0,1,2,7,0.0973439581,0.4285714286,0,0.1428571429,0,0.1428571429,0.2857142857,0.7685957189,g
248,tease,0,1,2,0,0,0,1,0,3,-0.1651208261,0.6666666667,0,0,0,0.3333333333,0,0.7579865477,g
583,justice,0,1,2,0,0,0,1,0,3,-0.1651208261,0.6666666667,0,0,0,0.3333333333,0,0.7579865477,g
621,don,0,1,2,0,0,0,1,0,3,-0.1651208261,0.6666666667,0,0,0,0.3333333333,0,0.7579865477,g
995,camila cabello,0,2,1,0,0,0,0,2,3,-0.1651208261,0.3333333333,0,0,0,0,0.6666666667,0.7484259735,a
444,robbed,0,1,0,0,1,1,0,1,3,-0.1651208261,0,0,0.3333333333,0.3333333333,0,0.3333333333,0.7461905673,a
2,liam,0,1,10,0,8,0,1,20,39,2.1970622319,0.2564102564,0,0.2051282051,0,0.0256410256,0.5128205128,0.7450877761,a
455,the house republicans,0,3,3,0,0,0,1,1,5,-0.033888434,0.6,0,0,0,0.2,0.2,0.7395228418,a
411,spain,0,1,1,0,3,0,0,2,6,0.031727762,0.1666666667,0,0.5,0,0,0.3333333333,0.7350942093,a
166,god,0,1,11,0,5,1,5,5,27,1.4096678792,0.4074074074,0,0.1851851852,0.037037037,0.1851851852,0.1851851852,0.7294994884,a
180,best eurovision,0,2,1,1,0,0,0,1,3,-0.1651208261,0.3333333333,0.3333333333,0,0,0,0.3333333333,0.727699853,a
920,native americans,0,2,1,1,0,0,0,1,3,-0.1651208261,0.3333333333,0.3333333333,0,0,0,0.3333333333,0.727699853,a
1090,republican,0,1,4,0,2,0,2,1,9,0.2285763502,0.4444444444,0,0.2222222222,0,0.2222222222,0.1111111111,0.7075122336,a
242,sc,0,1,0,0,0,1,0,2,3,-0.1651208261,0,0,0,0.3333333333,0,0.6666666667,0.6945402036,a
1073,america great,0,2,1,2,0,0,0,0,3,-0.1651208261,0.3333333333,0.6666666667,0,0,0,0,0.6938750013,a
988,champions,0,1,2,0,0,0,1,1,4,-0.0995046301,0.5,0,0,0,0.25,0.25,0.6926266242,a
12,mike dean liberty university stoke,0,5,2,0,0,0,0,3,5,-0.033888434,0.4,0,0,0,0,0.6,0.6870561841,a
361,camila,0,1,3,0,49,0,0,3,55,3.2469213688,0.0545454545,0,0.8909090909,0,0,0.0545454545,0.6866280509,a
1050,titanium,0,1,2,1,0,0,1,0,4,-0.0995046301,0.5,0.25,0,0,0.25,0,0.6861820579,a
1003,libs,0,1,2,0,1,0,1,2,6,0.031727762,0.3333333333,0,0.1666666667,0,0.1666666667,0.3333333333,0.6487409102,a
9,uk,0,1,0,0,0,9,3,2,14,0.5566573305,0,0,0,0.6428571429,0.2142857143,0.1428571429,0.6453502904,a
1130,sean spicer carter page,0,4,1,0,0,0,0,3,4,-0.0995046301,0.25,0,0,0,0,0.75,0.6343756643,a
85,australia,0,1,6,2,2,0,3,6,19,0.8847383108,0.3157894737,0.1052631579,0.1052631579,0,0.1578947368,0.3157894737,0.6287692167,a
862,dad,0,1,3,0,0,0,2,0,5,-0.033888434,0.6,0,0,0,0.4,0,0.6071517321,a
414,hope maia,0,2,1,3,0,0,0,0,4,-0.0995046301,0.25,0.75,0,0,0,0,0.5973847892,a
567,hold,0,1,3,0,2,0,2,2,9,0.2285763502,0.3333333333,0,0.2222222222,0,0.2222222222,0.2222222222,0.5829593677,a
1072,senators,0,1,3,0,0,0,2,1,6,0.031727762,0.5,0,0,0,0.3333333333,0.1666666667,0.5812504079,a
1138,adam,0,1,1,0,1,1,1,2,6,0.031727762,0.1666666667,0,0.1666666667,0.1666666667,0.1666666667,0.3333333333,0.571409211,a
1063,fbi granted fisa warrant,0,4,1,3,0,0,0,0,4,-0.0995046301,0.25,0.75,0,0,0,0,0.5555443916,a
644,instagram story,0,2,3,11,0,0,0,0,14,0.5566573305,0.2142857143,0.7857142857,0,0,0,0,0.5529415195,a
419,fbi got fisa warrant,0,4,1,3,0,0,0,1,5,-0.033888434,0.2,0.6,0,0,0,0.2,0.54131979,a
312,holy,0,1,1,0,3,0,1,0,5,-0.033888434,0.2,0,0.6,0,0.2,0,0.531266541,a
821,legal fisa,0,2,0,2,0,1,0,0,3,-0.1651208261,0,0.6666666667,0,0.3333333333,0,0,0.529119496,a
880,israel,0,1,1,0,3,0,1,1,6,0.031727762,0.1666666667,0,0.5,0,0.1666666667,0.1666666667,0.5178828863,a
1042,russian agent,0,2,1,4,0,0,0,1,6,0.031727762,0.1666666667,0.6666666667,0,0,0,0.1666666667,0.5119304019,a
1022,monitor carter page,0,3,1,3,0,0,0,1,5,-0.033888434,0.2,0.6,0,0,0,0.2,0.5106824176,a
42,republicans,0,1,10,0,5,0,9,3,27,1.4096678792,0.3703703704,0,0.1851851852,0,0.3333333333,0.1111111111,0.4577527162,a
461,learn,0,1,1,0,1,0,1,1,4,-0.0995046301,0.25,0,0.25,0,0.25,0.25,0.4457820549,a
971,turkey,0,1,1,0,1,0,1,0,3,-0.1651208261,0.3333333333,0,0.3333333333,0,0.3333333333,0,0.443095448,a
1098,buy,0,1,2,0,2,0,2,0,6,0.031727762,0.3333333333,0,0.3333333333,0,0.3333333333,0,0.443095448,a
396,102.7 kiis fm,0,3,0,6,0,2,0,0,8,0.1629601542,0,0.75,0,0.25,0,0,0.4117819466,a
57,fisa court,0,2,1,10,0,0,0,0,11,0.3598087423,0.0909090909,0.9090909091,0,0,0,0,0.4060971165,a
161,answer,0,1,0,0,2,1,1,0,4,-0.0995046301,0,0,0.5,0.25,0.25,0,0.3854446898,b
431,dem,0,1,1,0,0,0,1,1,3,-0.1651208261,0.3333333333,0,0,0,0.3333333333,0.3333333333,0.3807149567,b
1094,spicy,0,1,1,0,0,0,1,1,3,-0.1651208261,0.3333333333,0,0,0,0.3333333333,0.3333333333,0.3807149567,b
1110,hilary,0,1,1,0,0,0,1,1,3,-0.1651208261,0.3333333333,0,0,0,0.3333333333,0.3333333333,0.3807149567,b
1127,european,0,1,1,0,0,0,1,1,3,-0.1651208261,0.3333333333,0,0,0,0.3333333333,0.3333333333,0.3807149567,b
328,millions of americans,0,3,1,0,0,0,1,1,3,-0.1651208261,0.3333333333,0,0,0,0.3333333333,0.3333333333,0.3628743153,b
1083,fisa warrant,0,2,3,95,0,1,0,4,103,6.3964987795,0.0291262136,0.9223300971,0,0.0097087379,0,0.0388349515,0.3500593033,b
516,intel,0,1,2,0,0,0,2,0,4,-0.0995046301,0.5,0,0,0,0.5,0,0.3467443919,b
134,maroon 5,0,2,0,4,0,0,0,3,7,0.0973439581,0,0.5714285714,0,0,0,0.4285714286,0.3441203314,b
45,happy birthday,0,2,1,0,0,0,1,1,3,-0.1651208261,0.3333333333,0,0,0,0.3333333333,0.3333333333,0.3216750583,b
200,the answer,0,2,1,0,0,0,1,1,3,-0.1651208261,0.3333333333,0,0,0,0.3333333333,0.3333333333,0.3216750583,b
323,may 13th,0,2,0,6,0,0,0,0,6,0.031727762,0,1,0,0,0,0,0.3121131685,b
369,panic,0,1,0,0,1,1,1,0,3,-0.1651208261,0,0,0.3333333333,0.3333333333,0.3333333333,0,0.3025060046,b
643,joke,0,1,0,0,0,1,1,1,3,-0.1651208261,0,0,0,0.3333333333,0.3333333333,0.3333333333,0.2546317775,b
236,crazy,0,1,3,0,0,1,5,3,12,0.4254249384,0.25,0,0,0.0833333333,0.4166666667,0.25,0.2397324306,b
196,meet,0,1,1,0,2,0,2,0,5,-0.033888434,0.2,0,0.4,0,0.4,0,0.2288496331,b
765,report,0,1,2,0,8,0,7,4,21,1.0159707029,0.0952380952,0,0.380952381,0,0.3333333333,0.1904761905,0.2063383534,b
219,link,0,1,3,0,0,0,4,0,7,0.0973439581,0.4285714286,0,0,0,0.5714285714,0,0.1961177895,b
428,white supremacists,0,2,0,0,0,1,1,1,3,-0.1651208261,0,0,0,0.3333333333,0.3333333333,0.3333333333,0.1896655756,b
945,con,0,1,1,0,1,0,2,0,4,-0.0995046301,0.25,0,0.25,0,0.5,0,0.1562388889,b
1129,friendship,0,1,1,0,1,0,2,0,4,-0.0995046301,0.25,0,0.25,0,0.5,0,0.1562388889,b
969,seriously,0,1,1,0,3,0,4,2,10,0.2941925463,0.1,0,0.3,0,0.4,0.2,0.1436580373,b
423,military,0,1,1,0,0,0,2,1,4,-0.0995046301,0.25,0,0,0,0.5,0.25,0.1330811856,b
235,scarface theme,0,2,1,9,0,0,4,0,14,0.5566573305,0.0714285714,0.6428571429,0,0,0.2857142857,0,0.1315173089,b
797,passed a bill,0,3,1,0,0,0,2,0,3,-0.1651208261,0.3333333333,0,0,0,0.6666666667,0,0.1208228961,b
755,beast,0,1,0,0,0,3,4,0,7,0.0973439581,0,0,0,0.4285714286,0.5714285714,0,0.1062638757,b
29,wonder,0,1,1,0,3,0,4,0,8,0.1629601542,0.125,0,0.375,0,0.5,0,0.1020279571,b
786,classic,0,1,0,0,0,1,2,1,4,-0.0995046301,0,0,0,0.25,0.5,0.25,0.0909063791,b
617,nice,0,1,1,0,3,0,6,3,13,0.4910411344,0.0769230769,0,0.2307692308,0,0.4615384615,0.2307692308,0.0905304451,b
155,read,0,1,1,0,1,5,11,2,20,0.9503545068,0.05,0,0.05,0.25,0.55,0.1,0.0879945901,b
7,lower,0,1,1,0,0,0,2,0,3,-0.1651208261,0.3333333333,0,0,0,0.6666666667,0,0.0819364066,b
53,representatives,0,1,1,0,0,0,2,0,3,-0.1651208261,0.3333333333,0,0,0,0.6666666667,0,0.0819364066,b
114,write,0,1,1,0,0,0,2,0,3,-0.1651208261,0.3333333333,0,0,0,0.6666666667,0,0.0819364066,b
145,congressmen,0,1,1,0,0,0,2,0,3,-0.1651208261,0.3333333333,0,0,0,0.6666666667,0,0.0819364066,b
338,age,0,1,1,0,0,0,2,0,3,-0.1651208261,0.3333333333,0,0,0,0.6666666667,0,0.0819364066,b
409,tweets,0,1,1,0,0,0,2,0,3,-0.1651208261,0.3333333333,0,0,0,0.6666666667,0,0.0819364066,b
410,dump,0,1,1,0,0,0,2,0,3,-0.1651208261,0.3333333333,0,0,0,0.6666666667,0,0.0819364066,b
820,greet,0,1,1,0,0,0,2,0,3,-0.1651208261,0.3333333333,0,0,0,0.6666666667,0,0.0819364066,b
849,sports,0,1,1,0,0,0,2,0,3,-0.1651208261,0.3333333333,0,0,0,0.6666666667,0,0.0819364066,b
901,falling,0,1,1,0,0,0,2,0,3,-0.1651208261,0.3333333333,0,0,0,0.6666666667,0,0.0819364066,b
1029,champion,0,1,1,0,0,0,2,0,3,-0.1651208261,0.3333333333,0,0,0,0.6666666667,0,0.0819364066,b
747,looks,0,1,2,0,5,0,10,2,19,0.8847383108,0.1052631579,0,0.2631578947,0,0.5263157895,0.1052631579,0.0741511381,b
287,happy,0,1,1,0,0,1,5,2,9,0.2285763502,0.1111111111,0,0,0.1111111111,0.5555555556,0.2222222222,0.0733070926,b
772,blacks,0,1,1,0,1,0,3,0,5,-0.033888434,0.2,0,0.2,0,0.6,0,0.0729593862,b
418,stop,0,1,3,0,3,0,14,7,27,1.4096678792,0.1111111111,0,0.1111111111,0,0.5185185185,0.2592592593,0.0714973649,b
95,black,0,1,2,0,0,0,5,1,8,0.1629601542,0.25,0,0,0,0.625,0.125,0.0696637722,b
34,dead,0,1,1,0,0,0,3,1,5,-0.033888434,0.2,0,0,0,0.6,0.2,0.0637531426,b
1027,red,0,1,1,0,0,0,3,1,5,-0.033888434,0.2,0,0,0,0.6,0.2,0.0637531426,b
147,dark,0,1,0,0,0,1,2,0,3,-0.1651208261,0,0,0,0.3333333333,0.6666666667,0,0.0508563198,b
1114,four,0,1,0,0,0,1,2,0,3,-0.1651208261,0,0,0,0.3333333333,0.6666666667,0,0.0508563198,b
501,winning,0,1,0,0,0,1,4,2,7,0.0973439581,0,0,0,0.1428571429,0.5714285714,0.2857142857,0.047992567,b
232,black people,0,2,1,1,0,0,4,1,7,0.0973439581,0.1428571429,0.1428571429,0,0,0.5714285714,0.1428571429,0.0474289622,b
974,look,0,1,1,0,4,0,15,7,27,1.4096678792,0.037037037,0,0.1481481481,0,0.5555555556,0.2592592593,0.0452135097,b
126,almost,0,1,1,0,1,0,4,0,6,0.031727762,0.1666666667,0,0.1666666667,0,0.6666666667,0,0.0447287668,b
374,voice,0,1,1,0,1,0,4,0,6,0.031727762,0.1666666667,0,0.1666666667,0,0.6666666667,0,0.0447287668,b
705,earth,0,1,1,0,1,0,4,0,6,0.031727762,0.1666666667,0,0.1666666667,0,0.6666666667,0,0.0447287668,b
231,liberal,0,1,1,0,0,0,5,2,8,0.1629601542,0.125,0,0,0,0.625,0.25,0.0416310885,b
265,since,0,1,1,0,3,0,8,1,13,0.4910411344,0.0769230769,0,0.2307692308,0,0.6153846154,0.0769230769,0.0410724855,b
1079,stay,0,1,0,0,2,1,6,1,10,0.2941925463,0,0,0.2,0.1,0.6,0.1,0.040807316,b
80,sessions,0,1,1,0,0,0,4,1,6,0.031727762,0.1666666667,0,0,0,0.6666666667,0.1666666667,0.0398441072,b
1139,judge,0,1,1,0,0,0,4,1,6,0.031727762,0.1666666667,0,0,0,0.6666666667,0.1666666667,0.0398441072,b
582,big,0,1,0,0,0,2,9,4,15,0.6222735266,0,0,0,0.1333333333,0.6,0.2666666667,0.0398363235,b
613,force,0,1,1,0,0,0,3,0,4,-0.0995046301,0.25,0,0,0,0.75,0,0.0377335982,b
763,whites,0,1,3,0,0,0,9,0,12,0.4254249384,0.25,0,0,0,0.75,0,0.0377335982,b
848,freedom,0,1,1,0,0,0,3,0,4,-0.0995046301,0.25,0,0,0,0.75,0,0.0377335982,b
198,liberals,0,1,2,0,6,0,15,0,23,1.147203095,0.0869565217,0,0.2608695652,0,0.652173913,0,0.0362939887,b
619,sing,0,1,1,0,1,0,7,2,11,0.3598087423,0.0909090909,0,0.0909090909,0,0.6363636364,0.1818181818,0.03521544,b
598,privilege,0,1,0,0,0,1,8,4,13,0.4910411344,0,0,0,0.0769230769,0.6153846154,0.3076923077,0.0314346855,b
44,great,0,1,1,0,9,0,21,2,33,1.8033650556,0.0303030303,0,0.2727272727,0,0.6363636364,0.0606060606,0.0308422757,b
504,gone,0,1,0,0,0,1,4,1,6,0.031727762,0,0,0,0.1666666667,0.6666666667,0.1666666667,0.0303028379,b
344,watch,0,1,2,0,7,0,23,3,35,1.9345974477,0.0571428571,0,0.2,0,0.6571428571,0.0857142857,0.0291967704,b
1006,goodbye,0,1,0,0,0,0,3,2,5,-0.033888434,0,0,0,0,0.6,0.4,0.0283814163,b
471,surprise,0,1,1,0,0,0,5,1,7,0.0973439581,0.1428571429,0,0,0,0.7142857143,0.1428571429,0.0276510511,b
916,excited,0,1,1,0,0,0,5,1,7,0.0973439581,0.1428571429,0,0,0,0.7142857143,0.1428571429,0.0276510511,b
93,replace,0,1,1,0,0,1,8,1,11,0.3598087423,0.0909090909,0,0,0.0909090909,0.7272727273,0.0909090909,0.0261816972,b
664,treason,0,1,0,0,0,1,3,0,4,-0.0995046301,0,0,0,0.25,0.75,0,0.0252399956,b
743,tv,0,1,0,0,0,1,3,0,4,-0.0995046301,0,0,0,0.25,0.75,0,0.0252399956,b
852,dance,0,1,0,0,0,1,3,0,4,-0.0995046301,0,0,0,0.25,0.75,0,0.0252399956,b
864,alone,0,1,0,0,0,1,3,0,4,-0.0995046301,0,0,0,0.25,0.75,0,0.0252399956,b
783,fire,0,1,1,0,0,0,7,2,10,0.2941925463,0.1,0,0,0,0.7,0.2,0.0246830635,b
637,new,0,1,1,0,2,1,19,5,28,1.4752840753,0.0357142857,0,0.0714285714,0.0357142857,0.6785714286,0.1785714286,0.0238315037,b
718,awesome,0,1,1,0,2,0,8,0,11,0.3598087423,0.0909090909,0,0.1818181818,0,0.7272727273,0,0.0231607222,b
1041,deplorable,0,1,1,0,0,0,4,0,5,-0.033888434,0.2,0,0,0,0.8,0,0.0230554173,b
569,sounds,0,1,1,0,1,0,6,0,8,0.1629601542,0.125,0,0.125,0,0.75,0,0.0229727609,b
457,wrong,0,1,0,0,0,1,5,1,7,0.0973439581,0,0,0,0.1428571429,0.7142857143,0.1428571429,0.0218991348,b
977,bc,0,1,0,0,0,1,5,1,7,0.0973439581,0,0,0,0.1428571429,0.7142857143,0.1428571429,0.0218991348,b
1097,actually,0,1,1,0,3,0,14,2,20,0.9503545068,0.05,0,0.15,0,0.7,0.1,0.0216208141,b
679,sad,0,1,1,0,2,0,12,2,17,0.7535059187,0.0588235294,0,0.1176470588,0,0.7058823529,0.1176470588,0.0212960189,b
208,reps,0,1,1,0,0,0,6,1,8,0.1629601542,0.125,0,0,0,0.75,0.125,0.0211092315,b
391,government,0,1,1,0,0,0,6,1,8,0.1629601542,0.125,0,0,0,0.75,0.125,0.0211092315,b
515,killed,0,1,0,0,0,1,7,2,10,0.2941925463,0,0,0,0.1,0.7,0.2,0.0209557553,b
1087,first,0,1,1,0,4,1,18,1,25,1.2784354871,0.04,0,0.16,0.04,0.72,0.04,0.0209367713,b
663,guys,0,1,1,0,0,0,10,3,14,0.5566573305,0.0714285714,0,0,0,0.7142857143,0.2142857143,0.0201836584,b
40,1st,0,1,0,0,0,0,2,1,3,-0.1651208261,0,0,0,0,0.6666666667,0.3333333333,0.0194833784,b
278,town,0,1,0,0,0,0,2,1,3,-0.1651208261,0,0,0,0,0.6666666667,0.3333333333,0.0194833784,b
913,love,0,1,0,0,4,5,56,15,80,4.8873262702,0,0,0.05,0.0625,0.7,0.1875,0.0193578624,b
352,lose,0,1,1,0,0,1,16,4,22,1.081586899,0.0454545455,0,0,0.0454545455,0.7272727273,0.1818181818,0.0189391643,b
888,care,0,1,1,0,1,0,21,7,30,1.6065164674,0.0333333333,0,0.0333333333,0,0.7,0.2333333333,0.0188003929,b
790,evidence,0,1,0,0,1,1,6,0,8,0.1629601542,0,0,0.125,0.125,0.75,0,0.0187027642,b
1013,proof,0,1,0,0,1,1,6,0,8,0.1629601542,0,0,0.125,0.125,0.75,0,0.0187027642,b
675,proud,0,1,2,0,3,1,22,1,29,1.5409002713,0.0689655172,0,0.1034482759,0.0344827586,0.7586206897,0.0344827586,0.0183945618,b
49,makes,0,1,1,0,3,0,12,0,16,0.6878897226,0.0625,0,0.1875,0,0.75,0,0.0181906734,b
128,getting,0,1,1,0,0,0,11,3,15,0.6222735266,0.0666666667,0,0,0,0.7333333333,0.2,0.017851497,b
957,guilt,0,1,0,0,0,1,8,2,11,0.3598087423,0,0,0,0.0909090909,0.7272727273,0.1818181818,0.0176605334,b
550,words,0,1,1,0,0,0,7,1,9,0.2285763502,0.1111111111,0,0,0,0.7777777778,0.1111111111,0.0171634344,b
998,name,0,1,1,0,1,0,14,3,19,0.8847383108,0.0526315789,0,0.0526315789,0,0.7368421053,0.1578947368,0.0169047474,b
280,white people,0,2,2,2,0,0,18,3,25,1.2784354871,0.08,0.08,0,0,0.72,0.12,0.0168134967,b
316,knew,0,1,0,0,0,1,4,0,5,-0.033888434,0,0,0,0.2,0.8,0,0.0167530074,b
426,died,0,1,0,0,0,1,4,0,5,-0.033888434,0,0,0,0.2,0.8,0,0.0167530074,b
792,victory,0,1,1,0,0,0,5,0,6,0.031727762,0.1666666667,0,0,0,0.8333333333,0,0.0167060542,b
689,back,0,1,0,0,2,1,25,7,35,1.9345974477,0,0,0.0571428571,0.0285714286,0.7142857143,0.2,0.0164471275,b
150,repeal,0,1,1,0,1,1,16,2,21,1.0159707029,0.0476190476,0,0.0476190476,0.0476190476,0.7619047619,0.0952380952,0.0164249629,b
1102,party,0,1,1,0,2,0,17,3,23,1.147203095,0.0434782609,0,0.0869565217,0,0.7391304348,0.1304347826,0.0163686816,b
472,slavery,0,1,1,0,0,0,12,3,16,0.6878897226,0.0625,0,0,0,0.75,0.1875,0.0160481586,b
109,white,0,1,5,0,4,0,57,9,75,4.55924529,0.0666666667,0,0.0533333333,0,0.76,0.12,0.0159204026,b
552,job,0,1,1,0,0,0,10,2,13,0.4910411344,0.0769230769,0,0,0,0.7692307692,0.1538461538,0.0154362042,b
405,last,0,1,1,0,5,0,31,5,42,2.3939108201,0.0238095238,0,0.119047619,0,0.7380952381,0.119047619,0.0154234641,b
722,real,0,1,0,0,1,1,15,3,20,0.9503545068,0,0,0.05,0.05,0.75,0.15,0.0143514188,b
929,go,0,1,4,0,1,1,62,12,80,4.8873262702,0.05,0,0.0125,0.0125,0.775,0.15,0.013854213,b
332,first time,0,2,0,0,0,1,4,0,5,-0.033888434,0,0,0,0.2,0.8,0,0.0135408903,b
151,administration,0,1,1,0,0,0,6,0,7,0.0973439581,0.1428571429,0,0,0,0.8571428571,0,0.0133235544,b
299,lot,0,1,0,0,1,1,8,0,10,0.2941925463,0,0,0.1,0.1,0.8,0,0.0132443425,b
417,free,0,1,1,0,0,0,9,1,11,0.3598087423,0.0909090909,0,0,0,0.8181818182,0.0909090909,0.012771871,b
1016,rich,0,1,1,0,0,0,12,2,15,0.6222735266,0.0666666667,0,0,0,0.8,0.1333333333,0.0125968598,b
1062,best,0,1,3,0,1,0,28,2,34,1.8689812516,0.0882352941,0,0.0294117647,0,0.8235294118,0.0588235294,0.0124966174,b
156,2nd,0,1,0,0,0,0,3,1,4,-0.0995046301,0,0,0,0,0.75,0.25,0.0123703299,b
170,4th,0,1,0,0,0,0,3,1,4,-0.0995046301,0,0,0,0,0.75,0.25,0.0123703299,b
1070,time,0,1,1,0,6,2,49,4,62,3.7062347412,0.0161290323,0,0.0967741935,0.0322580645,0.7903225806,0.064516129,0.0122558364,b
27,racist,0,1,1,0,2,0,26,4,33,1.8033650556,0.0303030303,0,0.0606060606,0,0.7878787879,0.1212121212,0.0118254129,b
50,us,0,1,0,0,1,6,60,8,75,4.55924529,0,0,0.0133333333,0.08,0.8,0.1066666667,0.0118201904,b
296,healthcare,0,1,1,0,1,0,23,4,29,1.5409002713,0.0344827586,0,0.0344827586,0,0.7931034483,0.1379310345,0.0115579983,b
220,shows,0,1,1,0,0,0,7,0,8,0.1629601542,0.125,0,0,0,0.875,0,0.011270426,b
997,countries,0,1,1,0,0,0,7,0,8,0.1629601542,0.125,0,0,0,0.875,0,0.011270426,b
130,deal,0,1,0,0,0,1,9,1,11,0.3598087423,0,0,0,0.0909090909,0.8181818182,0.0909090909,0.0110492995,b
764,die,0,1,1,0,0,0,14,2,17,0.7535059187,0.0588235294,0,0,0,0.8235294118,0.1176470588,0.0108106,b
131,latest,0,1,0,0,0,1,6,0,7,0.0973439581,0,0,0,0.1428571429,0.8571428571,0,0.0106398268,b
383,ready,0,1,0,0,0,1,6,0,7,0.0973439581,0,0,0,0.1428571429,0.8571428571,0,0.0106398268,b
834,folks,0,1,0,0,0,1,6,0,7,0.0973439581,0,0,0,0.1428571429,0.8571428571,0,0.0106398268,b
962,vote,0,1,2,0,3,1,49,4,59,3.509386153,0.0338983051,0,0.0508474576,0.0169491525,0.8305084746,0.0677966102,0.0100835867,b
1075,need,0,1,0,0,0,2,31,5,38,2.1314460359,0,0,0,0.0526315789,0.8157894737,0.1315789474,0.0100649062,b
947,people,0,1,2,0,5,0,70,9,86,5.2810234466,0.023255814,0,0.0581395349,0,0.8139534884,0.1046511628,0.0100423108,b
195,really,0,1,1,0,5,0,37,2,45,2.5907594083,0.0222222222,0,0.1111111111,0,0.8222222222,0.0444444444,0.0099393999,b
400,making,0,1,1,0,0,0,8,0,9,0.2285763502,0.1111111111,0,0,0,0.8888888889,0,0.0099093709,b
808,together,0,1,1,0,0,0,8,0,9,0.2285763502,0.1111111111,0,0,0,0.8888888889,0,0.0099093709,b
310,bad,0,1,0,0,0,1,18,3,22,1.081586899,0,0,0,0.0454545455,0.8181818182,0.1363636364,0.0097559059,b
1146,take,0,1,2,0,4,0,34,0,40,2.262678428,0.05,0,0.1,0,0.85,0,0.009734314,b
17,single,0,1,1,0,0,0,12,1,14,0.5566573305,0.0714285714,0,0,0,0.8571428571,0.0714285714,0.0096702674,b
720,better,0,1,1,0,0,0,12,1,14,0.5566573305,0.0714285714,0,0,0,0.8571428571,0.0714285714,0.0096702674,b
555,right,0,1,0,0,1,2,45,7,55,3.2469213688,0,0,0.0181818182,0.0363636364,0.8181818182,0.1272727273,0.0096028776,b
402,tell,0,1,1,0,0,0,20,3,24,1.2128192911,0.0416666667,0,0,0,0.8333333333,0.125,0.0095655893,b
1113,get,0,1,3,0,3,0,76,9,91,5.6091044269,0.032967033,0,0.032967033,0,0.8351648352,0.0989010989,0.0092866327,b
591,standing,0,1,0,0,0,1,7,0,8,0.1629601542,0,0,0,0.125,0.875,0,0.0092662162,b
726,soon,0,1,0,0,0,1,7,0,8,0.1629601542,0,0,0,0.125,0.875,0,0.0092662162,b
845,far,0,1,0,0,0,1,7,0,8,0.1629601542,0,0,0,0.125,0.875,0,0.0092662162,b
246,two,0,1,0,0,1,1,16,1,19,0.8847383108,0,0,0.0526315789,0.0526315789,0.8421052632,0.0526315789,0.0090923091,b
71,stupid,0,1,1,0,0,0,13,1,15,0.6222735266,0.0666666667,0,0,0,0.8666666667,0.0666666667,0.0090443601,b
926,got,0,1,2,0,2,0,46,4,54,3.1813051728,0.037037037,0,0.037037037,0,0.8518518519,0.0740740741,0.0087277831,b
421,left,0,1,2,0,0,0,19,0,21,1.0159707029,0.0952380952,0,0,0,0.9047619048,0,0.0085679372,b
482,next,0,1,0,0,0,2,30,3,35,1.9345974477,0,0,0,0.0571428571,0.8571428571,0.0857142857,0.0083064702,b
258,see,0,1,1,0,3,0,64,8,76,4.624861486,0.0131578947,0,0.0394736842,0,0.8421052632,0.1052631579,0.0082803396,b
1141,lives,0,1,0,0,0,1,13,1,15,0.6222735266,0,0,0,0.0666666667,0.8666666667,0.0666666667,0.0081449775,b
1011,shit,0,1,0,0,1,1,30,3,35,1.9345974477,0,0,0.0285714286,0.0285714286,0.8571428571,0.0857142857,0.0078037907,b
111,hate,0,1,0,0,1,1,25,2,29,1.5409002713,0,0,0.0344827586,0.0344827586,0.8620689655,0.0689655172,0.0077686501,b
578,one,0,1,0,0,7,1,78,5,91,5.6091044269,0,0,0.0769230769,0.010989011,0.8571428571,0.0549450549,0.0076662282,b
754,voted,0,1,1,0,0,0,41,5,47,2.7219918004,0.0212765957,0,0,0,0.8723404255,0.1063829787,0.0072494445,b
4,racism,0,1,0,0,1,1,23,1,26,1.3440516832,0,0,0.0384615385,0.0384615385,0.8846153846,0.0384615385,0.0070732753,b
366,probable,0,1,1,0,0,0,14,0,15,0.6222735266,0.0666666667,0,0,0,0.9333333333,0,0.0066247033,b
678,guy,0,1,1,0,0,0,16,0,17,0.7535059187,0.0588235294,0,0,0,0.9411764706,0,0.0061796903,b
1088,carpet,0,1,1,0,0,0,18,0,19,0.8847383108,0.0526315789,0,0,0,0.9473684211,0,0.0058515445,b
700,performing,0,1,1,0,0,0,23,0,24,1.2128192911,0.0416666667,0,0,0,0.9583333333,0,0.0053165353,b
