,candidate,batch,length,cap,substring-cap,s-o-sCap,all-cap,non-cap,non-discriminative,cumulative,Z_ScoreUnweighted
0,auntie,0,1,1,0,0,0,0,0,1,-0.2963532182385123
1,sounds,0,1,1,0,1,0,6,0,8,0.1629601541580154
2,moc,0,1,0,0,0,1,0,0,1,-0.2963532182385123
3,voice,0,1,1,0,1,0,4,0,6,0.03172776204472177
4,25th,0,1,0,0,0,0,1,0,1,-0.2963532182385123
5,liberals,0,1,2,0,6,0,15,0,23,1.1472030950077174
6,folks,0,1,0,0,0,1,6,0,7,0.09734395810136857
7,live on the yellow carpet,0,5,1,0,0,0,0,0,1,-0.2963532182385123
8,maia,0,1,77,0,31,0,0,4,112,6.987044544049285
9,brand new moves,0,3,1,0,0,0,0,0,1,-0.2963532182385123
10,pay the pricehouse republicans,0,4,1,0,0,0,0,0,1,-0.2963532182385123
11,arriba,0,1,1,0,0,0,0,0,1,-0.2963532182385123
12,bad things,0,2,6,0,0,0,0,0,6,0.03172776204472177
13,joevin jones,0,2,1,0,0,0,0,0,1,-0.2963532182385123
14,slovenia,0,1,1,0,0,0,0,0,1,-0.2963532182385123
15,ufc 211,0,2,0,0,0,3,0,0,3,-0.16512082612521867
16,ts maia,0,2,1,0,0,0,0,0,1,-0.2963532182385123
17,kittens,0,1,1,0,0,0,1,0,2,-0.23073702218186548
18,yair rodriguez full fight,0,4,1,0,0,0,0,0,1,-0.2963532182385123
19,bleeding hearts,0,2,1,0,0,0,0,0,1,-0.2963532182385123
20,round 2,0,2,0,1,0,0,0,0,1,-0.2963532182385123
21,words,0,1,1,0,0,0,7,1,9,0.22857635021466222
22,performing the song with liam,0,5,0,0,0,1,0,0,1,-0.2963532182385123
23,romania,0,1,2,0,1,0,0,1,4,-0.09950463006857187
24,senators,0,1,3,0,0,0,2,1,6,0.03172776204472177
25,red,0,1,1,0,0,0,3,1,5,-0.03388843401192505
26,maia with the linkin park,0,5,1,0,0,0,0,0,1,-0.2963532182385123
27,carter page to russia with love,0,6,1,0,0,0,0,0,1,-0.2963532182385123
28,rep‚Äîbut,0,1,1,0,0,0,0,0,1,-0.2963532182385123
29,general office,0,2,1,0,0,0,0,0,1,-0.2963532182385123
30,eric allen bell,0,3,2,0,0,0,0,0,2,-0.23073702218186548
31,time,0,1,1,0,6,2,49,4,62,3.706234741216943
32,heavyweight champ,0,2,1,0,0,0,0,0,1,-0.2963532182385123
33,bath,0,1,1,0,0,0,0,0,1,-0.2963532182385123
34,cankles,0,1,1,0,0,0,0,0,1,-0.2963532182385123
35,mich stepping stones daily,0,4,1,0,0,0,0,0,1,-0.2963532182385123
36,mike dean liberty university stoke,0,5,2,0,0,0,0,3,5,-0.03388843401192505
37,affordable care act drove,0,4,1,0,0,0,0,0,1,-0.2963532182385123
38,cowboys,0,1,1,0,0,0,0,0,1,-0.2963532182385123
39,canelo,0,1,1,0,0,0,0,0,1,-0.2963532182385123
40,reverse racism,0,2,0,0,0,1,0,0,1,-0.2963532182385123
41,m√•ns,0,1,1,0,0,0,0,0,1,-0.2963532182385123
42,dating white people,0,3,1,0,0,0,0,0,1,-0.2963532182385123
43,prince kushner,0,2,1,0,0,0,0,0,1,-0.2963532182385123
44,looks,0,1,2,0,5,0,10,2,19,0.8847383107811304
45,alone,0,1,0,0,0,1,3,0,4,-0.09950463006857187
46,netflix canceled,0,2,0,0,0,1,0,0,1,-0.2963532182385123
47,love masvidal,0,2,1,0,0,0,0,0,1,-0.2963532182385123
48,hooters lone tree,0,3,1,0,0,0,0,0,1,-0.2963532182385123
49,buzzfeed germany,0,2,1,0,0,0,0,0,1,-0.2963532182385123
50,goes 2,0,2,0,1,0,0,0,0,1,-0.2963532182385123
51,goodbye,0,1,0,0,0,0,3,2,5,-0.03388843401192505
52,eddie,0,1,1,0,0,0,0,0,1,-0.2963532182385123
53,lucie jones,0,2,2,0,0,0,0,0,2,-0.23073702218186548
54,louis,0,1,1,0,0,0,0,0,1,-0.2963532182385123
55,joanna jedrzejczyk,0,2,1,0,0,0,0,0,1,-0.2963532182385123
56,pocs,0,1,1,0,0,0,0,0,1,-0.2963532182385123
57,simpsons,0,1,1,0,0,0,0,0,1,-0.2963532182385123
58,martin luther king jr,0,4,1,0,0,0,0,0,1,-0.2963532182385123
59,sleepy lion cubs,0,3,1,0,0,0,0,0,1,-0.2963532182385123
60,irish,0,1,1,0,0,0,0,0,1,-0.2963532182385123
61,slavery,0,1,1,0,0,0,12,3,16,0.6878897226111899
62,2 usa legally,0,3,0,0,0,1,0,0,1,-0.2963532182385123
63,rosneft,0,1,1,0,0,0,0,0,1,-0.2963532182385123
64,horrible care act,0,3,1,0,0,0,0,0,1,-0.2963532182385123
65,disney,0,1,1,0,0,0,0,0,1,-0.2963532182385123
66,american health care act,0,4,2,0,0,0,0,0,2,-0.23073702218186548
67,acting atty general,0,3,1,0,0,0,0,1,2,-0.23073702218186548
68,sia,0,1,2,0,0,0,0,0,2,-0.23073702218186548
69,freedom,0,1,1,0,0,0,3,0,4,-0.09950463006857187
70,2monitor trump,0,2,0,1,0,0,0,0,1,-0.2963532182385123
71,numb,0,1,12,0,0,0,1,1,14,0.5566573304978962
72,black,0,1,2,0,0,0,5,1,8,0.1629601541580154
73,dem,0,1,1,0,0,0,1,1,3,-0.16512082612521867
74,mercedes f015 concept car drives,0,5,1,0,0,0,0,0,1,-0.2963532182385123
75,stay,0,1,0,0,2,1,6,1,10,0.29419254627130903
76,holy,0,1,1,0,3,0,1,0,5,-0.03388843401192505
77,moldova,0,1,3,0,1,0,0,1,5,-0.03388843401192505
78,stubhub center,0,2,1,0,0,0,0,0,1,-0.2963532182385123
79,dow,0,1,1,0,0,0,0,0,1,-0.2963532182385123
80,fbi,0,1,5,0,0,125,1,7,138,8.6930656415221
81,eddie alvarez,0,2,3,0,0,0,0,0,3,-0.16512082612521867
82,united states of east america,0,5,1,0,0,0,0,0,1,-0.2963532182385123
83,happy birthday,0,2,1,0,0,0,1,1,3,-0.16512082612521867
84,justice,0,1,2,0,0,0,1,0,3,-0.16512082612521867
85,david,0,1,3,0,0,0,0,0,3,-0.16512082612521867
86,euro,0,1,2,0,0,0,0,0,2,-0.23073702218186548
87,far,0,1,0,0,0,1,7,0,8,0.1629601541580154
88,blue,0,1,1,0,0,0,1,0,2,-0.23073702218186548
89,lower,0,1,1,0,0,0,2,0,3,-0.16512082612521867
90,60s,0,1,0,0,0,0,2,0,2,-0.23073702218186548
91,almost,0,1,1,0,1,0,4,0,6,0.03172776204472177
92,classic,0,1,0,0,0,1,2,1,4,-0.09950463006857187
93,double bed nylon mosquito net,0,5,0,0,0,1,0,1,2,-0.23073702218186548
94,cute miley,0,2,1,0,0,0,0,0,1,-0.2963532182385123
95,announcing,0,1,1,0,0,0,0,0,1,-0.2963532182385123
96,gitmo,0,1,0,0,0,1,0,0,1,-0.2963532182385123
97,big,0,1,0,0,0,2,9,4,15,0.622273526554543
98,obamacare,0,1,20,0,2,0,3,4,29,1.5409002713475983
99,michelob lites,0,2,1,0,0,0,0,0,1,-0.2963532182385123
100,listening,0,1,1,0,0,0,0,0,1,-0.2963532182385123
101,paid higher premiums,0,3,1,0,0,0,0,0,1,-0.2963532182385123
102,free,0,1,1,0,0,0,9,1,11,0.35980874232795584
103,svoboda,0,1,1,0,0,0,0,0,1,-0.2963532182385123
104,frankieedgar,0,1,1,0,2,0,0,0,3,-0.16512082612521867
105,üö´h8,0,1,0,0,0,1,0,0,1,-0.2963532182385123
106,gauteng,0,1,2,0,0,0,0,0,2,-0.23073702218186548
107,interim 135,0,2,0,1,0,0,0,0,1,-0.2963532182385123
108,rokita,0,1,1,0,0,0,0,0,1,-0.2963532182385123
109,hey hey goodbye,0,3,1,0,0,1,0,0,2,-0.23073702218186548
110,rodriguez tbh edgar fighted brilliant,0,5,1,0,0,0,0,0,1,-0.2963532182385123
111,soon,0,1,0,0,0,1,7,0,8,0.1629601541580154
112,ukrainian,0,1,3,0,1,0,0,1,5,-0.03388843401192505
113,u.s,0,1,0,0,0,1,0,1,2,-0.23073702218186548
114,rep,0,1,4,0,0,0,1,2,7,0.09734395810136857
115,ron,0,1,1,0,0,0,0,0,1,-0.2963532182385123
116,watching edgar,0,2,1,0,0,0,0,0,1,-0.2963532182385123
117,ohio,0,1,1,0,0,0,0,1,2,-0.23073702218186548
118,july,0,1,1,0,1,0,0,0,2,-0.23073702218186548
119,hold tight,0,2,1,0,0,0,0,0,1,-0.2963532182385123
120,lincoln,0,1,1,0,0,0,0,1,2,-0.23073702218186548
121,america,0,1,17,0,4,0,1,4,26,1.3440516831776579
122,o'care,0,1,1,0,0,0,0,0,1,-0.2963532182385123
123,king 2,0,2,0,1,0,0,0,0,1,-0.2963532182385123
124,native americans,0,2,1,1,0,0,0,1,3,-0.16512082612521867
125,üò¢are,0,1,0,1,0,0,0,0,1,-0.2963532182385123
126,gano,0,1,1,0,0,0,0,0,1,-0.2963532182385123
127,fisa court,0,2,1,10,0,0,0,0,11,0.35980874232795584
128,sims city,0,2,1,0,0,0,0,0,1,-0.2963532182385123
129,wapo carter page,0,3,1,0,0,0,0,0,1,-0.2963532182385123
130,diane abbott,0,2,1,0,0,0,0,0,1,-0.2963532182385123
131,republican obamacare,0,2,1,0,0,0,0,0,1,-0.2963532182385123
132,kyiv,0,1,2,0,0,0,0,0,2,-0.23073702218186548
133,dark,0,1,0,0,0,1,2,0,3,-0.16512082612521867
134,fbi got fisa warrant,0,4,1,3,0,0,0,1,5,-0.03388843401192505
135,vote,0,1,2,0,3,1,49,4,59,3.5093861530470027
136,name,0,1,1,0,1,0,14,3,19,0.8847383107811304
137,free wango tango,0,3,1,0,0,0,0,0,1,-0.2963532182385123
138,left,0,1,2,0,0,0,19,0,21,1.015970702894424
139,christianity,0,1,1,0,0,0,0,0,1,-0.2963532182385123
140,u.k,0,1,0,0,0,1,0,0,1,-0.2963532182385123
141,instagram,0,1,10,0,0,0,1,1,12,0.42542493838460266
142,barack obama,0,2,1,0,0,0,0,0,1,-0.2963532182385123
143,dave matthews,0,2,1,0,0,0,0,0,1,-0.2963532182385123
144,prince,0,1,5,0,0,1,1,1,8,0.1629601541580154
145,islamic,0,1,1,0,0,0,0,1,2,-0.23073702218186548
146,write,0,1,1,0,0,0,2,0,3,-0.16512082612521867
147,britain,0,1,1,0,2,0,0,0,3,-0.16512082612521867
148,opposition rally,0,2,1,0,0,0,0,0,1,-0.2963532182385123
149,womd,0,1,0,0,0,1,0,0,1,-0.2963532182385123
150,linkin park,0,2,20,2,0,0,2,5,29,1.5409002713475983
151,hq,0,1,0,0,0,3,0,0,3,-0.16512082612521867
152,political suicide,0,2,1,0,0,0,1,0,2,-0.23073702218186548
153,cuter,0,1,1,0,0,0,0,0,1,-0.2963532182385123
154,roar,0,1,1,0,0,0,0,1,2,-0.23073702218186548
155,doa,0,1,0,0,0,1,0,0,1,-0.2963532182385123
156,black guy dies first,0,4,1,0,0,0,0,0,1,-0.2963532182385123
157,linking park,0,2,1,0,0,0,0,0,1,-0.2963532182385123
158,sheeple,0,1,1,0,0,0,0,0,1,-0.2963532182385123
159,woodley,0,1,1,0,0,0,0,1,2,-0.23073702218186548
160,switzerland,0,1,1,0,0,0,0,0,1,-0.2963532182385123
161,jam,0,1,0,0,0,1,0,0,1,-0.2963532182385123
162,andy biggs,0,2,1,0,0,0,0,0,1,-0.2963532182385123
163,obamacare repeal vote,0,3,1,0,0,0,0,0,1,-0.2963532182385123
164,octagon,0,1,1,0,0,0,1,0,2,-0.23073702218186548
165,james comey,0,2,2,0,0,0,0,0,2,-0.23073702218186548
166,back,0,1,0,0,2,1,25,7,35,1.9345974476874792
167,niall,0,1,24,0,36,0,0,18,78,4.756093878123293
168,vip,0,1,0,0,0,1,0,0,1,-0.2963532182385123
169,frankie edgar,0,2,22,1,0,0,0,1,24,1.2128192910643643
170,uk,0,1,0,0,0,9,3,2,14,0.5566573304978962
171,boa constrictor,0,2,1,0,0,0,0,0,1,-0.2963532182385123
172,otc,0,1,0,0,0,1,0,0,1,-0.2963532182385123
173,lynch,0,1,4,0,0,0,0,1,5,-0.03388843401192505
174,aaron,0,1,1,0,0,0,0,0,1,-0.2963532182385123
175,e.t,0,1,0,0,0,1,0,0,1,-0.2963532182385123
176,hocaust centers,0,2,1,0,0,0,0,0,1,-0.2963532182385123
177,united states,0,2,1,0,0,0,0,1,2,-0.23073702218186548
178,next,0,1,0,0,0,2,30,3,35,1.9345974476874792
179,standing,0,1,0,0,0,1,7,0,8,0.1629601541580154
180,female genital mutilation,0,3,1,0,0,0,0,0,1,-0.2963532182385123
181,last,0,1,1,0,5,0,31,5,42,2.393910820084007
182,north cork,0,2,1,0,0,0,0,0,1,-0.2963532182385123
183,asshole yellow belly,0,3,1,0,0,0,0,0,1,-0.2963532182385123
184,usa,0,1,0,0,0,5,0,1,6,0.03172776204472177
185,mcgregor,0,1,1,0,0,0,0,0,1,-0.2963532182385123
186,goper,0,1,1,0,0,0,0,0,1,-0.2963532182385123
187,dark horse,0,2,2,0,0,0,0,0,2,-0.23073702218186548
188,odessa,0,1,1,0,0,0,0,0,1,-0.2963532182385123
189,thatcher,0,1,1,0,0,0,0,0,1,-0.2963532182385123
190,meet,0,1,1,0,2,0,2,0,5,-0.03388843401192505
191,chameleon loves,0,2,1,0,0,0,0,0,1,-0.2963532182385123
192,nazi,0,1,1,0,0,1,0,0,2,-0.23073702218186548
193,wannabe diaz,0,2,1,0,0,0,0,0,1,-0.2963532182385123
194,racism,0,1,0,0,1,1,23,1,26,1.3440516831776579
195,aca,0,1,0,0,0,4,0,0,4,-0.09950463006857187
196,big homie stipe,0,3,1,0,0,0,0,0,1,-0.2963532182385123
197,jenga,0,1,1,0,0,0,0,0,1,-0.2963532182385123
198,ptsd,0,1,0,0,0,1,0,0,1,-0.2963532182385123
199,bryce harper,0,2,1,0,0,0,0,0,1,-0.2963532182385123
200,us senate,0,2,1,0,0,0,0,0,1,-0.2963532182385123
201,house republicans,0,2,34,0,0,0,0,2,36,2.000213643744126
202,lisbon,0,1,1,0,0,0,0,0,1,-0.2963532182385123
203,watch ufc 211,0,3,0,1,0,0,0,0,1,-0.2963532182385123
204,killed,0,1,0,0,0,1,7,2,10,0.29419254627130903
205,gopher,0,1,1,0,0,0,0,0,1,-0.2963532182385123
206,maroon 5,0,2,0,4,0,0,0,3,7,0.09734395810136857
207,spurs,0,1,2,0,0,0,0,0,2,-0.23073702218186548
208,2nd,0,1,0,0,0,0,3,1,4,-0.09950463006857187
209,sweeter,0,1,0,0,0,1,0,0,1,-0.2963532182385123
210,election day,0,2,1,0,0,0,0,0,1,-0.2963532182385123
211,middle east,0,2,1,0,0,0,0,0,1,-0.2963532182385123
212,wonder world tour,0,3,1,0,0,0,0,0,1,-0.2963532182385123
213,soviet russia,0,2,1,0,0,0,0,0,1,-0.2963532182385123
214,govt,0,1,1,0,0,0,0,0,1,-0.2963532182385123
215,british isles,0,2,1,0,0,0,0,0,1,-0.2963532182385123
216,bulgaria,0,1,1,0,0,0,0,0,1,-0.2963532182385123
217,dq,0,1,0,0,0,1,0,0,1,-0.2963532182385123
218,devil,0,1,1,0,0,0,1,0,2,-0.23073702218186548
219,c√©line dion,0,2,1,0,0,0,0,0,1,-0.2963532182385123
220,tyron woodley,0,2,1,0,0,0,0,0,1,-0.2963532182385123
221,gameb,0,1,1,0,0,0,0,0,1,-0.2963532182385123
222,medicaid 4,0,2,0,1,0,0,0,0,1,-0.2963532182385123
223,brexit,0,1,2,0,0,0,0,1,3,-0.16512082612521867
224,monitor fmr,0,2,1,0,0,0,0,0,1,-0.2963532182385123
225,gop house,0,2,1,1,0,0,0,0,2,-0.23073702218186548
226,happy,0,1,1,0,0,1,5,2,9,0.22857635021466222
227,house of representatives,0,3,1,0,0,0,0,0,1,-0.2963532182385123
228,payday,0,1,1,0,0,0,0,0,1,-0.2963532182385123
229,session,0,1,1,0,0,0,0,0,1,-0.2963532182385123
230,disappointed with ca,0,3,1,0,0,0,0,0,1,-0.2963532182385123
231,texas,0,1,2,0,0,0,0,0,2,-0.23073702218186548
232,102.7 kiis fm,0,3,0,6,0,2,0,0,8,0.1629601541580154
233,jamala,0,1,1,0,0,0,0,0,1,-0.2963532182385123
234,answer,0,1,0,0,2,1,1,0,4,-0.09950463006857187
235,kellyanne,0,1,1,0,0,0,0,0,1,-0.2963532182385123
236,sunshine,0,1,1,0,0,0,0,0,1,-0.2963532182385123
237,carter page the washington post,0,5,1,0,0,0,0,0,1,-0.2963532182385123
238,lives,0,1,0,0,0,1,13,1,15,0.622273526554543
239,ufc hall of fame,0,4,1,0,0,0,0,0,1,-0.2963532182385123
240,new,0,1,1,0,2,1,19,5,28,1.4752840752909515
241,united,0,1,3,0,2,0,0,2,7,0.09734395810136857
242,rick story,0,2,1,0,0,0,0,0,1,-0.2963532182385123
243,tv ufc 211 live stream edgar,0,6,0,1,0,0,0,0,1,-0.2963532182385123
244,phd,0,1,1,0,0,0,0,1,2,-0.23073702218186548
245,eurovision,0,1,5,0,2,0,1,1,9,0.22857635021466222
246,senate on obamacare,0,3,1,0,0,0,0,0,1,-0.2963532182385123
247,wh,0,1,0,0,0,3,0,1,4,-0.09950463006857187
248,mt,0,1,1,0,0,0,0,1,2,-0.23073702218186548
249,liberal,0,1,1,0,0,0,5,2,8,0.1629601541580154
250,brazilians,0,1,1,0,0,0,0,0,1,-0.2963532182385123
251,michelle,0,1,1,0,0,0,0,0,1,-0.2963532182385123
252,rd 2,0,2,0,2,0,0,0,0,2,-0.23073702218186548
253,fbi granted fisa warrant,0,4,1,3,0,0,0,0,4,-0.09950463006857187
254,florida,0,1,1,0,0,0,0,0,1,-0.2963532182385123
255,norway,0,1,1,0,0,0,0,0,1,-0.2963532182385123
256,white supremacists,0,2,0,0,0,1,1,1,3,-0.16512082612521867
257,legal fisa,0,2,0,2,0,1,0,0,3,-0.16512082612521867
258,convene the death panel,0,4,2,0,0,0,0,0,2,-0.23073702218186548
259,excited,0,1,1,0,0,0,5,1,7,0.09734395810136857
260,warriors,0,1,1,0,0,0,0,0,1,-0.2963532182385123
261,poc,0,1,0,0,0,4,0,0,4,-0.09950463006857187
262,aussie,0,1,1,0,0,0,0,1,2,-0.23073702218186548
263,we cant stop,0,3,1,0,0,0,0,0,1,-0.2963532182385123
264,good lord,0,2,1,0,0,0,0,0,1,-0.2963532182385123
265,b.j.penn,0,1,1,0,0,0,0,0,1,-0.2963532182385123
266,steele the savior,0,3,1,0,0,0,0,0,1,-0.2963532182385123
267,iolo,0,1,1,0,0,0,0,0,1,-0.2963532182385123
268,may 13th,0,2,0,6,0,0,0,0,6,0.03172776204472177
269,keitholbermann,0,1,1,0,1,0,0,0,2,-0.23073702218186548
270,24 house republicans,0,3,0,1,0,0,0,0,1,-0.2963532182385123
271,news of fisa warrant,0,4,3,0,0,0,0,0,3,-0.16512082612521867
272,whittaker,0,1,1,0,0,0,0,0,1,-0.2963532182385123
273,vitalii sediuk,0,2,1,0,0,0,0,0,1,-0.2963532182385123
274,link,0,1,3,0,0,0,4,0,7,0.09734395810136857
275,solar system,0,2,1,0,0,0,0,0,1,-0.2963532182385123
276,monitor carter page,0,3,1,3,0,0,0,1,5,-0.03388843401192505
277,linkinpark,0,1,1,0,0,0,0,0,1,-0.2963532182385123
278,americans on twitter,0,3,1,0,0,0,0,0,1,-0.2963532182385123
279,euros,0,1,1,0,0,0,0,2,3,-0.16512082612521867
280,spring,0,1,1,0,0,0,0,0,1,-0.2963532182385123
281,arab,0,1,1,0,0,0,0,0,1,-0.2963532182385123
282,prison rules,0,2,1,0,0,0,0,0,1,-0.2963532182385123
283,spicy,0,1,1,0,0,0,1,1,3,-0.16512082612521867
284,german,0,1,1,0,0,0,0,0,1,-0.2963532182385123
285,nina,0,1,1,0,0,0,0,0,1,-0.2963532182385123
286,tj,0,1,0,0,0,1,0,0,1,-0.2963532182385123
287,read,0,1,1,0,1,5,11,2,20,0.9503545068377772
288,carter page in 2016,0,4,0,2,0,0,0,0,2,-0.23073702218186548
289,russian agent,0,2,1,4,0,0,0,1,6,0.03172776204472177
290,democratic party,0,2,2,0,0,0,0,0,2,-0.23073702218186548
291,red people,0,2,0,0,0,1,0,0,1,-0.2963532182385123
292,jews,0,1,1,0,0,0,0,0,1,-0.2963532182385123
293,russian,0,1,15,0,0,0,1,3,19,0.8847383107811304
294,fox news,0,2,2,0,0,0,0,1,3,-0.16512082612521867
295,explain,0,1,1,0,0,0,1,0,2,-0.23073702218186548
296,4th,0,1,0,0,0,0,3,1,4,-0.09950463006857187
297,retweeted the new york times,0,5,1,0,0,0,0,0,1,-0.2963532182385123
298,4 uber,0,2,0,1,0,0,0,0,1,-0.2963532182385123
299,horrible health bill,0,3,1,0,0,0,0,0,1,-0.2963532182385123
300,last summer on carter page,0,5,1,0,0,0,0,0,1,-0.2963532182385123
301,guys,0,1,1,0,0,0,10,3,14,0.5566573304978962
302,wot,0,1,1,0,0,0,0,0,1,-0.2963532182385123
303,the answer,0,2,1,0,0,0,1,1,3,-0.16512082612521867
304,love myself,0,2,1,0,0,0,0,0,1,-0.2963532182385123
305,america great,0,2,1,2,0,0,0,0,3,-0.16512082612521867
306,pastor jerry,0,2,1,0,0,0,0,0,1,-0.2963532182385123
307,parab√©ns,0,1,0,0,0,1,0,0,1,-0.2963532182385123
308,hansel robles,0,2,1,0,0,0,0,0,1,-0.2963532182385123
309,best eurovision,0,2,1,1,0,0,0,1,3,-0.16512082612521867
310,macron,0,1,1,0,0,0,0,0,1,-0.2963532182385123
311,flint,0,1,1,0,0,0,0,0,1,-0.2963532182385123
312,cnn,0,1,0,0,0,5,1,1,7,0.09734395810136857
313,hillary,0,1,11,0,0,0,0,0,11,0.35980874232795584
314,nonsense karaoke,0,2,1,0,0,0,0,0,1,-0.2963532182385123
315,jones,0,1,1,0,0,0,0,0,1,-0.2963532182385123
316,liam,0,1,10,0,8,0,1,20,39,2.1970622319140665
317,fire,0,1,1,0,0,0,7,2,10,0.29419254627130903
318,united states foreign intelligence surveillance court,0,6,1,0,0,0,0,0,1,-0.2963532182385123
319,2 dems,0,2,0,0,0,1,0,0,1,-0.2963532182385123
320,somewhere a sjw,0,3,1,0,0,0,0,0,1,-0.2963532182385123
321,netanyahu,0,1,1,0,0,0,0,0,1,-0.2963532182385123
322,sjw,0,1,0,0,0,1,0,0,1,-0.2963532182385123
323,greece,0,1,1,0,0,0,0,2,3,-0.16512082612521867
324,amanda,0,1,2,0,0,0,0,0,2,-0.23073702218186548
325,come on damien maia,0,4,1,0,0,0,0,0,1,-0.2963532182385123
326,ufc,0,1,0,0,0,13,1,0,14,0.5566573304978962
327,asians,0,1,2,0,0,0,0,0,2,-0.23073702218186548
328,darrell issa,0,2,1,0,0,0,0,0,1,-0.2963532182385123
329,2 russia,0,2,0,1,0,0,0,0,1,-0.2963532182385123
330,june,0,1,1,0,0,0,0,0,1,-0.2963532182385123
331,san bernardino,0,2,1,0,0,0,0,0,1,-0.2963532182385123
332,rodriguez,0,1,3,0,2,0,0,0,5,-0.03388843401192505
333,asian,0,1,1,0,0,0,0,0,1,-0.2963532182385123
334,performing,0,1,1,0,0,0,23,0,24,1.2128192910643643
335,2000s linkin park,0,3,0,1,0,0,0,0,1,-0.2963532182385123
336,people,0,1,2,0,5,0,70,9,86,5.281023446576468
337,last 3,0,2,0,1,0,0,0,0,1,-0.2963532182385123
338,fisa warrant,0,2,3,95,0,1,0,4,103,6.396498779539463
339,yair rodriguez,0,2,9,0,0,0,0,2,11,0.35980874232795584
340,christians,0,1,1,0,0,1,0,0,2,-0.23073702218186548
341,acha,0,1,0,0,0,1,0,0,1,-0.2963532182385123
342,aussies,0,1,1,0,0,0,0,0,1,-0.2963532182385123
343,rep schiff,0,2,1,0,0,0,0,0,1,-0.2963532182385123
344,christian,0,1,7,0,0,0,0,0,7,0.09734395810136857
345,jason chaffetz,0,2,1,0,0,0,0,0,1,-0.2963532182385123
346,cyprus,0,1,1,0,0,0,0,0,1,-0.2963532182385123
347,mexican,0,1,2,0,0,0,0,0,2,-0.23073702218186548
348,african americans,0,2,2,0,0,0,0,1,3,-0.16512082612521867
349,rme,0,1,0,0,0,1,0,0,1,-0.2963532182385123
350,libs,0,1,2,0,1,0,1,2,6,0.03172776204472177
351,gif,0,1,0,0,0,1,1,0,2,-0.23073702218186548
352,eminem,0,1,1,0,0,0,0,0,1,-0.2963532182385123
353,proud,0,1,2,0,3,1,22,1,29,1.5409002713475983
354,seriously,0,1,1,0,3,0,4,2,10,0.29419254627130903
355,justice department,0,2,1,0,0,0,0,0,1,-0.2963532182385123
356,scared to be lonely,0,4,3,1,0,0,0,0,4,-0.09950463006857187
357,foreign agent of the russians,0,5,1,0,0,0,0,0,1,-0.2963532182385123
358,agent 47 of ufc,0,4,0,1,0,0,0,0,1,-0.2963532182385123
359,hold,0,1,3,0,2,0,2,2,9,0.22857635021466222
360,dad,0,1,3,0,0,0,2,0,5,-0.03388843401192505
361,michigan,0,1,1,0,1,0,0,0,2,-0.23073702218186548
362,god rodriguez,0,2,1,0,0,0,0,0,1,-0.2963532182385123
363,putin,0,1,1,0,0,1,0,0,2,-0.23073702218186548
364,real,0,1,0,0,1,1,15,3,20,0.9503545068377772
365,assholes great,0,2,0,0,0,1,0,0,1,-0.2963532182385123
366,white power,0,2,1,1,0,0,0,0,2,-0.23073702218186548
367,sean spicer,0,2,8,0,0,0,0,6,14,0.5566573304978962
368,ufc light heavyweight champion daniel cormier,0,6,1,0,0,0,0,0,1,-0.2963532182385123
369,george,0,1,2,0,1,0,0,0,3,-0.16512082612521867
370,nyc,0,1,0,0,0,1,0,0,1,-0.2963532182385123
371,vladimir caddie,0,2,1,0,0,0,0,0,1,-0.2963532182385123
372,rewrite obamacare,0,2,1,0,0,0,0,0,1,-0.2963532182385123
373,avril,0,1,1,0,0,0,0,0,1,-0.2963532182385123
374,mississippi mean,0,2,1,0,0,0,0,0,1,-0.2963532182385123
375,house passes bill,0,3,1,0,0,0,0,0,1,-0.2963532182385123
376,doj,0,1,0,0,0,2,0,0,2,-0.23073702218186548
377,er,0,1,0,0,0,1,0,0,1,-0.2963532182385123
378,leverage,0,1,1,0,0,0,0,0,1,-0.2963532182385123
379,carter page fisa,0,3,4,0,0,0,0,0,4,-0.09950463006857187
380,mussolini,0,1,1,0,0,0,0,0,1,-0.2963532182385123
381,masvidal,0,1,39,0,31,0,3,2,75,4.559245289953353
382,tko,0,1,0,0,0,5,0,0,5,-0.03388843401192505
383,obama admin,0,2,1,1,0,0,0,0,2,-0.23073702218186548
384,va,0,1,0,0,0,1,0,0,1,-0.2963532182385123
385,niam,0,1,3,0,1,0,0,5,9,0.22857635021466222
386,swedens,0,1,1,0,0,0,0,0,1,-0.2963532182385123
387,brilliant,0,1,1,0,0,0,0,0,1,-0.2963532182385123
388,oath,0,1,1,0,0,0,0,0,1,-0.2963532182385123
389,genocide in middle east,0,4,1,0,0,0,0,0,1,-0.2963532182385123
390,bon app√©tit,0,2,2,0,0,0,0,0,2,-0.23073702218186548
391,getting,0,1,1,0,0,0,11,3,15,0.622273526554543
392,millions of americans,0,3,1,0,0,0,1,1,3,-0.16512082612521867
393,africans,0,1,3,0,0,0,0,0,3,-0.16512082612521867
394,town,0,1,0,0,0,0,2,1,3,-0.16512082612521867
395,repeal,0,1,1,0,1,1,16,2,21,1.015970702894424
396,google,0,1,2,0,0,0,0,0,2,-0.23073702218186548
397,eyes closed,0,2,1,0,0,0,0,0,1,-0.2963532182385123
398,brilliant recreation,0,2,1,0,0,0,0,0,1,-0.2963532182385123
399,roger pontare,0,2,1,0,0,0,0,0,1,-0.2963532182385123
400,clinton,0,1,3,0,1,0,1,2,7,0.09734395810136857
401,enforcer,0,1,1,0,0,0,0,0,1,-0.2963532182385123
402,imri,0,1,0,0,0,1,0,0,1,-0.2963532182385123
403,ces las vegas,0,3,1,0,0,0,0,0,1,-0.2963532182385123
404,tease,0,1,2,0,0,0,1,0,3,-0.16512082612521867
405,bill nye,0,2,1,0,0,0,0,0,1,-0.2963532182385123
406,rhythm,0,1,1,0,0,0,0,0,1,-0.2963532182385123
407,15pm pst,0,2,0,0,0,1,0,0,1,-0.2963532182385123
408,dem sorosian,0,2,1,0,0,0,0,0,1,-0.2963532182385123
409,200k,0,1,0,0,0,1,1,0,2,-0.23073702218186548
410,heaven,0,1,0,0,0,1,0,0,1,-0.2963532182385123
411,campaign manager manaford,0,3,1,0,0,0,0,0,1,-0.2963532182385123
412,sunny in philadelphia,0,3,1,0,0,0,0,0,1,-0.2963532182385123
413,scarface,0,1,12,0,1,0,2,2,17,0.7535059186678367
414,libnazi,0,1,1,0,0,0,0,0,1,-0.2963532182385123
415,hallmark,0,1,1,0,0,0,0,0,1,-0.2963532182385123
416,friendship,0,1,1,0,1,0,2,0,4,-0.09950463006857187
417,report,0,1,2,0,8,0,7,4,21,1.015970702894424
418,baby elephant bathing,0,3,1,0,0,0,0,0,1,-0.2963532182385123
419,bsb,0,1,1,0,0,0,0,0,1,-0.2963532182385123
420,best,0,1,3,0,1,0,28,2,34,1.8689812516308324
421,adele,0,1,1,0,0,0,0,0,1,-0.2963532182385123
422,ruslana,0,1,1,0,0,0,0,0,1,-0.2963532182385123
423,carlos condit,0,2,2,0,0,0,0,0,2,-0.23073702218186548
424,dogs annoying cats,0,3,1,0,0,0,0,0,1,-0.2963532182385123
425,two,0,1,0,0,1,1,16,1,19,0.8847383107811304
426,california,0,1,2,0,1,0,0,0,3,-0.16512082612521867
427,obamagate,0,1,1,0,0,0,0,0,1,-0.2963532182385123
428,crazy raccoon gosha loves washing,0,5,1,0,0,0,0,0,1,-0.2963532182385123
429,ukranian,0,1,1,0,0,0,0,0,1,-0.2963532182385123
430,nice,0,1,1,0,3,0,6,3,13,0.49104113444124947
431,vienna,0,1,1,0,0,0,0,0,1,-0.2963532182385123
432,lenovo,0,1,1,0,0,0,0,0,1,-0.2963532182385123
433,ouch,0,1,1,0,0,0,0,1,2,-0.23073702218186548
434,o'reilly,0,1,1,0,0,0,0,0,1,-0.2963532182385123
435,crazy,0,1,3,0,0,1,5,3,12,0.42542493838460266
436,democrat,0,1,1,0,0,0,0,0,1,-0.2963532182385123
437,irs,0,1,0,0,0,1,0,0,1,-0.2963532182385123
438,currently,0,1,1,0,0,0,1,0,2,-0.23073702218186548
439,junior,0,1,1,0,0,0,0,0,1,-0.2963532182385123
440,malibu,0,1,3,0,0,0,0,0,3,-0.16512082612521867
441,liam payne,0,2,2,0,0,0,0,2,4,-0.09950463006857187
442,sean spicer carter page,0,4,1,0,0,0,0,3,4,-0.09950463006857187
443,whitehouse,0,1,1,0,0,0,0,0,1,-0.2963532182385123
444,clintons,0,1,1,0,0,0,0,0,1,-0.2963532182385123
445,remember the dreamworks,0,3,1,0,0,0,0,0,1,-0.2963532182385123
446,weiner,0,1,1,0,0,0,0,0,1,-0.2963532182385123
447,trump tower,0,2,1,0,0,0,0,0,1,-0.2963532182385123
448,hof,0,1,0,0,0,2,0,0,2,-0.23073702218186548
449,united airlines,0,2,1,0,0,0,0,0,1,-0.2963532182385123
450,muslim,0,1,2,0,0,0,0,1,3,-0.16512082612521867
451,paul ryan,0,2,1,0,0,0,0,0,1,-0.2963532182385123
452,united kingdom,0,2,4,0,0,0,0,1,5,-0.03388843401192505
453,less coverage,0,2,1,0,0,0,0,0,1,-0.2963532182385123
454,american health system,0,3,1,0,0,0,0,0,1,-0.2963532182385123
455,jj,0,1,0,0,0,1,0,0,1,-0.2963532182385123
456,village,0,1,4,0,0,0,0,0,4,-0.09950463006857187
457,carrot,0,1,1,0,0,0,0,0,1,-0.2963532182385123
458,get married,0,2,1,0,0,0,0,0,1,-0.2963532182385123
459,bulgarian,0,1,1,0,0,0,0,0,1,-0.2963532182385123
460,dana,0,1,1,0,0,0,0,0,1,-0.2963532182385123
461,fundraising,0,1,1,0,0,0,0,0,1,-0.2963532182385123
462,humor,0,1,1,0,0,0,0,0,1,-0.2963532182385123
463,age,0,1,1,0,0,0,2,0,3,-0.16512082612521867
464,flynn,0,1,9,0,0,1,0,0,10,0.29419254627130903
465,business,0,1,0,0,0,1,0,0,1,-0.2963532182385123
466,vip pass,0,2,0,0,0,1,0,0,1,-0.2963532182385123
467,pbo,0,1,0,0,0,1,0,0,1,-0.2963532182385123
468,donald trump,0,2,4,0,0,0,0,0,4,-0.09950463006857187
469,internet,0,1,1,0,0,0,0,0,1,-0.2963532182385123
470,americans,0,1,13,0,1,0,1,0,15,0.622273526554543
471,sam,0,1,1,0,0,0,0,0,1,-0.2963532182385123
472,beast,0,1,0,0,0,3,4,0,7,0.09734395810136857
473,awesome,0,1,1,0,2,0,8,0,11,0.35980874232795584
474,scarface theme,0,2,1,9,0,0,4,0,14,0.5566573304978962
475,chipmunk stretches in the morning,0,5,1,0,0,0,0,0,1,-0.2963532182385123
476,dope,0,1,0,0,0,1,1,0,2,-0.23073702218186548
477,champions,0,1,2,0,0,0,1,1,4,-0.09950463006857187
478,jorge,0,1,7,0,2,0,0,0,9,0.22857635021466222
479,netherlands,0,1,1,0,0,0,0,1,2,-0.23073702218186548
480,sean spicer on hitler,0,4,1,0,0,0,0,0,1,-0.2963532182385123
481,raw story,0,2,1,0,0,0,0,0,1,-0.2963532182385123
482,tude,0,1,1,0,0,0,0,0,1,-0.2963532182385123
483,deal,0,1,0,0,0,1,9,1,11,0.35980874232795584
484,administrati,0,1,1,0,0,0,0,0,1,-0.2963532182385123
485,stop drinking the left,0,4,1,0,0,0,0,0,1,-0.2963532182385123
486,congress,0,1,10,0,1,0,1,1,13,0.49104113444124947
487,making,0,1,1,0,0,0,8,0,9,0.22857635021466222
488,obama,0,1,15,0,3,0,1,6,25,1.278435487121011
489,winning,0,1,0,0,0,1,4,2,7,0.09734395810136857
490,zayn,0,1,3,0,0,0,0,0,3,-0.16512082612521867
491,comrade comey,0,2,1,0,0,0,0,0,1,-0.2963532182385123
492,marcusrfrancis on instagram,0,3,1,0,0,0,0,0,1,-0.2963532182385123
493,summon electricity,0,2,0,0,0,1,0,0,1,-0.2963532182385123
494,niall horan,0,2,2,0,0,0,0,0,2,-0.23073702218186548
495,on the loose,0,3,9,0,0,0,0,2,11,0.35980874232795584
496,p3ople,0,1,1,0,0,0,0,0,1,-0.2963532182385123
497,knew,0,1,0,0,0,1,4,0,5,-0.03388843401192505
498,tell,0,1,1,0,0,0,20,3,24,1.2128192910643643
499,nc,0,1,0,0,0,2,0,0,2,-0.23073702218186548
500,boom,0,1,2,0,0,0,0,2,4,-0.09950463006857187
501,tv,0,1,0,0,0,1,3,0,4,-0.09950463006857187
502,greatness back,0,2,1,0,0,0,0,0,1,-0.2963532182385123
503,mou,0,1,1,0,0,0,0,0,1,-0.2963532182385123
504,voted,0,1,1,0,0,0,41,5,47,2.721991800367241
505,superior spa,0,2,1,0,0,0,0,0,1,-0.2963532182385123
506,camila,0,1,3,0,49,0,0,3,55,3.2469213688204155
507,american,0,1,12,0,0,0,0,3,15,0.622273526554543
508,ronaldo,0,1,1,0,2,0,0,0,3,-0.16512082612521867
509,personal bankruptcy,0,2,1,0,0,0,0,0,1,-0.2963532182385123
510,ohioans,0,1,1,0,0,0,0,0,1,-0.2963532182385123
511,imperialism,0,1,1,0,0,0,0,0,1,-0.2963532182385123
512,wv,0,1,0,0,0,1,0,0,1,-0.2963532182385123
513,conor mcgregor,0,2,1,0,0,0,0,0,1,-0.2963532182385123
514,asha,0,1,1,0,0,0,0,0,1,-0.2963532182385123
515,military,0,1,1,0,0,0,2,1,4,-0.09950463006857187
516,nothing2 b,0,2,0,0,0,1,0,0,1,-0.2963532182385123
517,arn anderson,0,2,1,0,0,0,0,0,1,-0.2963532182385123
518,care,0,1,1,0,1,0,21,7,30,1.6065164674042451
519,dems,0,1,9,0,3,0,0,0,12,0.42542493838460266
520,nate marquardted,0,2,1,0,0,0,0,0,1,-0.2963532182385123
521,actually australia,0,2,1,0,0,0,0,0,1,-0.2963532182385123
522,spaniard,0,1,1,0,0,0,0,0,1,-0.2963532182385123
523,i want candy,0,3,2,0,0,0,0,0,2,-0.23073702218186548
524,north america,0,2,1,0,0,0,0,1,2,-0.23073702218186548
525,ppv,0,1,0,0,0,2,0,1,3,-0.16512082612521867
526,24 gop,0,2,0,0,0,1,0,0,1,-0.2963532182385123
527,fourth reich,0,2,1,0,0,0,0,0,1,-0.2963532182385123
528,black people,0,2,1,1,0,0,4,1,7,0.09734395810136857
529,carson,0,1,3,0,0,0,0,1,4,-0.09950463006857187
530,donald trump russia,0,3,1,0,0,0,0,0,1,-0.2963532182385123
531,robbed,0,1,0,0,1,1,0,1,3,-0.16512082612521867
532,racist,0,1,1,0,2,0,26,4,33,1.8033650555741856
533,panic,0,1,0,0,1,1,1,0,3,-0.16512082612521867
534,hybrid theory,0,2,1,0,0,0,0,0,1,-0.2963532182385123
535,imagine kickboxing maia,0,3,1,0,0,0,0,0,1,-0.2963532182385123
536,project ara,0,2,1,0,0,0,0,0,1,-0.2963532182385123
537,first time,0,2,0,0,0,1,4,0,5,-0.03388843401192505
538,rashad coulter,0,2,1,0,0,0,0,0,1,-0.2963532182385123
539,bosnia,0,1,1,0,0,0,0,0,1,-0.2963532182385123
540,possessions,0,1,1,0,0,0,0,0,1,-0.2963532182385123
541,arc responds,0,2,1,0,0,0,0,0,1,-0.2963532182385123
542,jacked,0,1,0,0,0,1,0,0,1,-0.2963532182385123
543,messenger,0,1,1,0,0,0,0,0,1,-0.2963532182385123
544,sc,0,1,0,0,0,1,0,2,3,-0.16512082612521867
545,books,0,1,1,0,0,0,0,0,1,-0.2963532182385123
546,really,0,1,1,0,5,0,37,2,45,2.5907594082539473
547,hr,0,1,0,0,0,1,0,0,1,-0.2963532182385123
548,nunez,0,1,1,0,0,0,0,0,1,-0.2963532182385123
549,senate,0,1,15,0,0,0,3,1,19,0.8847383107811304
550,carter page,0,2,221,1,0,0,6,40,268,17.223171128886186
551,ca,0,1,0,0,0,2,0,0,2,-0.23073702218186548
552,spicer,0,1,5,0,4,0,1,0,10,0.29419254627130903
553,tip of the iceberg,0,4,1,0,0,0,0,0,1,-0.2963532182385123
554,ces 2016,0,2,0,0,0,1,0,0,1,-0.2963532182385123
555,affirmative action,0,2,1,0,0,0,0,0,1,-0.2963532182385123
556,blacks,0,1,1,0,1,0,3,0,5,-0.03388843401192505
557,house democrats wave,0,3,1,0,0,0,0,0,1,-0.2963532182385123
558,single day,0,2,0,0,0,1,0,0,1,-0.2963532182385123
559,azerbaijan,0,1,1,0,1,0,0,0,2,-0.23073702218186548
560,mike vick,0,2,1,0,0,0,0,0,1,-0.2963532182385123
561,us,0,1,0,0,1,6,60,8,75,4.559245289953353
562,gave orders,0,2,0,0,0,1,0,0,1,-0.2963532182385123
563,goat,0,1,0,0,0,1,0,0,1,-0.2963532182385123
564,64 crow,0,2,0,1,0,0,0,0,1,-0.2963532182385123
565,senate gop,0,2,1,0,0,0,0,0,1,-0.2963532182385123
566,nov 2018,0,2,0,1,0,0,0,0,1,-0.2963532182385123
567,obama team,0,2,1,0,0,0,0,0,1,-0.2963532182385123
568,eurovision song contest,0,3,1,0,0,0,0,0,1,-0.2963532182385123
569,stop playing,0,2,0,0,0,1,0,0,1,-0.2963532182385123
570,croatia,0,1,2,0,1,0,0,1,4,-0.09950463006857187
571,sbs,0,1,0,0,0,1,0,0,1,-0.2963532182385123
572,liberty university,0,2,2,0,0,0,0,1,3,-0.16512082612521867
573,white house,0,2,2,0,0,0,0,1,3,-0.16512082612521867
574,instagram story,0,2,3,11,0,0,0,0,14,0.5566573304978962
575,impeachment,0,1,0,0,0,1,1,0,2,-0.23073702218186548
576,wikipedia,0,1,1,0,0,0,0,0,1,-0.2963532182385123
577,chris pratt,0,2,1,0,0,0,0,0,1,-0.2963532182385123
578,lbj,0,1,0,0,0,1,0,0,1,-0.2963532182385123
579,ukraine,0,1,6,0,2,0,0,0,8,0.1629601541580154
580,comney,0,1,1,0,0,0,0,0,1,-0.2963532182385123
581,jacare souza,0,2,1,0,0,0,0,0,1,-0.2963532182385123
582,pagie,0,1,1,0,0,0,0,0,1,-0.2963532182385123
583,republican,0,1,4,0,2,0,2,1,9,0.22857635021466222
584,damaged rodriguez,0,2,1,0,0,0,0,0,1,-0.2963532182385123
585,evidence,0,1,0,0,1,1,6,0,8,0.1629601541580154
586,dear white people,0,3,2,0,0,0,0,0,2,-0.23073702218186548
587,higher deductible,0,2,1,0,0,0,0,0,1,-0.2963532182385123
588,shameful suicide pact,0,3,1,0,0,0,0,0,1,-0.2963532182385123
589,beautiful prince,0,2,1,0,0,0,0,0,1,-0.2963532182385123
590,colonialism,0,1,1,0,0,0,0,0,1,-0.2963532182385123
591,breitbart,0,1,2,0,0,0,0,0,2,-0.23073702218186548
592,dolly parton,0,2,1,0,0,0,0,0,1,-0.2963532182385123
593,bad,0,1,0,0,0,1,18,3,22,1.0815868989510706
594,kiev,0,1,1,0,0,0,0,0,1,-0.2963532182385123
595,24m,0,1,0,0,0,1,0,0,1,-0.2963532182385123
596,israel,0,1,1,0,3,0,1,1,6,0.03172776204472177
597,dmoceanu,0,1,1,0,0,0,0,0,1,-0.2963532182385123
598,surprise,0,1,1,0,0,0,5,1,7,0.09734395810136857
599,republican party,0,2,1,1,0,0,0,0,2,-0.23073702218186548
600,hpn,0,1,0,0,0,1,0,0,1,-0.2963532182385123
601,islam,0,1,1,0,0,0,0,0,1,-0.2963532182385123
602,jessica andrade,0,2,1,0,0,0,0,0,1,-0.2963532182385123
603,family services,0,2,1,0,0,0,0,0,1,-0.2963532182385123
604,nunes,0,1,5,0,1,0,0,1,7,0.09734395810136857
605,english,0,1,3,0,0,0,0,0,3,-0.16512082612521867
606,makes,0,1,1,0,3,0,12,0,16,0.6878897226111899
607,000 bm,0,2,0,0,0,1,0,0,1,-0.2963532182385123
608,potus,0,1,0,0,0,1,1,0,2,-0.23073702218186548
609,syria,0,1,6,0,0,0,0,2,8,0.1629601541580154
610,joke,0,1,0,0,0,1,1,1,3,-0.16512082612521867
611,susan rice,0,2,5,0,0,0,0,0,5,-0.03388843401192505
612,gareth bale,0,2,1,0,0,0,0,0,1,-0.2963532182385123
613,harry,0,1,1,0,0,0,0,1,2,-0.23073702218186548
614,noah,0,1,2,0,0,0,0,0,2,-0.23073702218186548
615,judge,0,1,1,0,0,0,4,1,6,0.03172776204472177
616,planned parenthood,0,2,1,0,0,0,1,0,2,-0.23073702218186548
617,the house republicans,0,3,3,0,0,0,1,1,5,-0.03388843401192505
618,80s,0,1,0,0,0,0,1,0,1,-0.2963532182385123
619,3rd,0,1,0,0,0,0,2,0,2,-0.23073702218186548
620,michael savage,0,2,1,0,0,0,0,0,1,-0.2963532182385123
621,martin luther king,0,3,2,0,0,0,0,0,2,-0.23073702218186548
622,four,0,1,0,0,0,1,2,0,3,-0.16512082612521867
623,page,0,1,15,0,1,1,4,3,24,1.2128192910643643
624,italian,0,1,1,0,0,0,0,0,1,-0.2963532182385123
625,leaving malta,0,2,1,0,0,0,0,0,1,-0.2963532182385123
626,carter page 2016,0,3,0,1,0,0,0,0,1,-0.2963532182385123
627,besides carter page,0,3,1,0,0,0,0,0,1,-0.2963532182385123
628,bjj,0,1,0,0,0,5,1,0,6,0.03172776204472177
629,san diego,0,2,2,0,0,0,0,0,2,-0.23073702218186548
630,bitch wbzg thenesjdjdnx,0,3,0,0,0,1,0,0,1,-0.2963532182385123
631,korean peninsula,0,2,1,0,0,0,0,0,1,-0.2963532182385123
632,panthers,0,1,1,0,0,0,0,0,1,-0.2963532182385123
633,malignant republican,0,2,1,0,0,0,0,0,1,-0.2963532182385123
634,centrist,0,1,1,0,0,0,0,0,1,-0.2963532182385123
635,hero,0,1,1,0,0,0,0,1,2,-0.23073702218186548
636,kayla,0,1,1,0,0,0,0,0,1,-0.2963532182385123
637,buzina,0,1,1,0,0,0,0,0,1,-0.2963532182385123
638,since,0,1,1,0,3,0,8,1,13,0.49104113444124947
639,complaint,0,1,1,0,0,0,0,0,1,-0.2963532182385123
640,buy,0,1,2,0,2,0,2,0,6,0.03172776204472177
641,latino,0,1,1,0,0,0,0,0,1,-0.2963532182385123
642,cc1,0,1,0,0,0,1,0,0,1,-0.2963532182385123
643,meia,0,1,1,0,0,0,0,0,1,-0.2963532182385123
644,cormier,0,1,1,0,0,0,0,0,1,-0.2963532182385123
645,russias,0,1,1,0,0,0,0,0,1,-0.2963532182385123
646,machine gun kelly,0,3,2,0,0,0,0,0,2,-0.23073702218186548
647,goat quote,0,2,0,0,0,1,0,0,1,-0.2963532182385123
648,treason,0,1,0,0,0,1,3,0,4,-0.09950463006857187
649,seeing alvarez,0,2,1,0,0,0,0,0,1,-0.2963532182385123
650,scared,0,1,0,0,0,0,2,0,2,-0.23073702218186548
651,civil war,0,2,1,1,0,0,0,0,2,-0.23073702218186548
652,edgar holloway,0,2,1,0,0,0,0,0,1,-0.2963532182385123
653,profit,0,1,0,0,0,1,0,0,1,-0.2963532182385123
654,democrat party,0,2,1,0,0,0,0,0,1,-0.2963532182385123
655,alessia,0,1,2,0,2,0,0,0,4,-0.09950463006857187
656,aldo,0,1,3,0,0,0,0,0,3,-0.16512082612521867
657,free unfollow unfollowers,0,3,1,0,0,0,0,0,1,-0.2963532182385123
658,iraq war,0,2,1,0,0,0,0,0,1,-0.2963532182385123
659,chained,0,1,1,0,0,0,0,0,1,-0.2963532182385123
660,miah,0,1,1,0,0,0,0,0,1,-0.2963532182385123
661,stop,0,1,3,0,3,0,14,7,27,1.4096678792343047
662,hate white people,0,3,2,1,0,0,0,1,4,-0.09950463006857187
663,ivanka,0,1,2,0,0,0,0,0,2,-0.23073702218186548
664,james bond,0,2,1,0,0,0,0,0,1,-0.2963532182385123
665,amar pelos dois,0,3,1,0,0,0,0,0,1,-0.2963532182385123
666,chris hayes,0,2,2,0,0,0,0,1,3,-0.16512082612521867
667,intel,0,1,2,0,0,0,2,0,4,-0.09950463006857187
668,hair plug procedures,0,3,1,0,0,0,0,0,1,-0.2963532182385123
669,lot,0,1,0,0,1,1,8,0,10,0.29419254627130903
670,south africa,0,2,1,0,0,0,0,0,1,-0.2963532182385123
671,nsa,0,1,0,0,0,1,0,0,1,-0.2963532182385123
672,jason knight,0,2,1,0,0,0,0,0,1,-0.2963532182385123
673,mendes,0,1,1,0,0,0,0,0,1,-0.2963532182385123
674,world trends,0,2,1,0,0,0,0,0,1,-0.2963532182385123
675,hailee steinfeld,0,2,7,0,0,0,0,0,7,0.09734395810136857
676,assist,0,1,1,0,0,0,0,0,1,-0.2963532182385123
677,holocaust,0,1,1,0,0,0,0,2,3,-0.16512082612521867
678,scottish,0,1,1,0,0,0,0,0,1,-0.2963532182385123
679,russians,0,1,5,0,0,0,0,0,5,-0.03388843401192505
680,reps,0,1,1,0,0,0,6,1,8,0.1629601541580154
681,holy father,0,2,1,0,0,0,0,0,1,-0.2963532182385123
682,payne,0,1,2,0,0,0,0,0,2,-0.23073702218186548
683,daniel cormier,0,2,1,0,0,0,0,0,1,-0.2963532182385123
684,rus,0,1,1,0,0,0,0,0,1,-0.2963532182385123
685,damian maia,0,2,3,0,0,0,0,0,3,-0.16512082612521867
686,genius,0,1,1,0,0,0,0,0,1,-0.2963532182385123
687,job,0,1,1,0,0,0,10,2,13,0.49104113444124947
688,con,0,1,1,0,1,0,2,0,4,-0.09950463006857187
689,rodriguez get,0,2,3,0,0,0,0,0,3,-0.16512082612521867
690,mary,0,1,1,0,1,0,0,0,2,-0.23073702218186548
691,future speaker,0,2,1,0,0,0,0,0,1,-0.2963532182385123
692,copy,0,1,1,0,0,0,0,0,1,-0.2963532182385123
693,reconstruction south,0,2,1,0,0,0,0,0,1,-0.2963532182385123
694,payno,0,1,1,0,1,0,0,0,2,-0.23073702218186548
695,jackson wink,0,2,1,0,0,0,0,0,1,-0.2963532182385123
696,celebrate diversity,0,2,1,0,0,0,1,0,2,-0.23073702218186548
697,7 irish,0,2,0,1,0,0,0,0,1,-0.2963532182385123
698,earth,0,1,1,0,1,0,4,0,6,0.03172776204472177
699,joe,0,1,3,0,0,0,0,1,4,-0.09950463006857187
700,moon,0,1,1,0,0,0,1,0,2,-0.23073702218186548
701,understanding the carter page,0,4,1,0,0,0,0,0,1,-0.2963532182385123
702,fotn,0,1,0,0,0,1,0,0,1,-0.2963532182385123
703,better,0,1,1,0,0,0,12,1,14,0.5566573304978962
704,zedd,0,1,3,0,0,0,1,2,6,0.03172776204472177
705,msnbc,0,1,0,0,0,1,0,1,2,-0.23073702218186548
706,2017 grand final,0,3,0,1,0,0,0,1,2,-0.23073702218186548
707,hrc,0,1,1,0,0,3,0,3,7,0.09734395810136857
708,dc,0,1,1,0,0,1,0,0,2,-0.23073702218186548
709,gone,0,1,0,0,0,1,4,1,6,0.03172776204472177
710,don the con,0,3,1,0,0,0,0,0,1,-0.2963532182385123
711,eleventeen,0,1,1,0,0,0,0,0,1,-0.2963532182385123
712,clumsy baby elephant,0,3,1,0,0,0,0,0,1,-0.2963532182385123
713,alessia cara,0,2,1,0,0,0,0,0,1,-0.2963532182385123
714,republicans,0,1,10,0,5,0,9,3,27,1.4096678792343047
715,whole eye closed,0,3,1,0,0,0,0,0,1,-0.2963532182385123
716,strip,0,1,0,0,0,1,1,0,2,-0.23073702218186548
717,germany,0,1,2,0,2,0,0,0,4,-0.09950463006857187
718,winner of salvador sobral,0,4,1,0,0,0,0,0,1,-0.2963532182385123
719,breitbarters,0,1,1,0,0,0,0,0,1,-0.2963532182385123
720,twood,0,1,1,0,0,0,0,0,1,-0.2963532182385123
721,tom clancy,0,2,1,0,0,0,0,0,1,-0.2963532182385123
722,bbc news,0,2,1,0,0,0,0,0,1,-0.2963532182385123
723,traitor trump,0,2,0,0,0,1,0,0,1,-0.2963532182385123
724,trump loved carter page,0,4,1,0,0,0,0,0,1,-0.2963532182385123
725,david branch,0,2,1,0,0,0,0,0,1,-0.2963532182385123
726,co,0,1,1,0,0,0,1,0,2,-0.23073702218186548
727,mean the fbi,0,3,1,0,0,0,0,0,1,-0.2963532182385123
728,yair rodriquez,0,2,1,0,0,0,0,0,1,-0.2963532182385123
729,goddess,0,1,0,0,0,1,1,0,2,-0.23073702218186548
730,arya stark,0,2,1,0,0,0,0,0,1,-0.2963532182385123
731,bogus,0,1,1,0,0,0,0,0,1,-0.2963532182385123
732,washington post fbi,0,3,2,0,0,0,0,0,2,-0.23073702218186548
733,000 americans,0,2,0,1,0,0,0,0,1,-0.2963532182385123
734,acid attacks,0,2,0,0,0,1,0,0,1,-0.2963532182385123
735,josh,0,1,0,0,0,1,0,0,1,-0.2963532182385123
736,falling,0,1,1,0,0,0,2,0,3,-0.16512082612521867
737,pa,0,1,1,0,0,0,0,0,1,-0.2963532182385123
738,edgar,0,1,8,0,5,0,0,3,16,0.6878897226111899
739,ready,0,1,0,0,0,1,6,0,7,0.09734395810136857
740,photos of katy,0,3,1,0,0,0,0,0,1,-0.2963532182385123
741,twilight,0,1,1,0,0,0,0,0,1,-0.2963532182385123
742,richie,0,1,1,0,0,0,0,0,1,-0.2963532182385123
743,trumped,0,1,1,0,0,0,0,0,1,-0.2963532182385123
744,die,0,1,1,0,0,0,14,2,17,0.7535059186678367
745,fake christians,0,2,1,0,0,0,0,0,1,-0.2963532182385123
746,2015 outfit,0,2,0,1,0,0,0,0,1,-0.2963532182385123
747,look full photo,0,3,1,0,0,0,0,0,1,-0.2963532182385123
748,top news,0,2,1,0,0,0,0,0,1,-0.2963532182385123
749,constitution,0,1,1,0,0,0,0,0,1,-0.2963532182385123
750,carpet,0,1,1,0,0,0,18,0,19,0.8847383107811304
751,superbowl,0,1,1,0,0,0,0,0,1,-0.2963532182385123
752,late flight back,0,3,1,0,0,0,0,0,1,-0.2963532182385123
753,greg leppert,0,2,1,0,0,0,0,0,1,-0.2963532182385123
754,cbo,0,1,0,0,0,6,0,0,6,0.03172776204472177
755,trumpcare,0,1,6,0,0,0,0,1,7,0.09734395810136857
756,iq,0,1,0,0,0,1,0,0,1,-0.2963532182385123
757,crips,0,1,1,0,0,0,0,0,1,-0.2963532182385123
758,press conference,0,2,1,0,0,0,0,0,1,-0.2963532182385123
759,administration,0,1,1,0,0,0,6,0,7,0.09734395810136857
760,post fight interview,0,3,2,0,0,0,0,0,2,-0.23073702218186548
761,demian,0,1,3,0,0,0,0,2,5,-0.03388843401192505
762,mlk jr,0,2,1,0,0,0,0,0,1,-0.2963532182385123
763,camila cabello,0,2,1,0,0,0,0,2,3,-0.16512082612521867
764,icymi,0,1,0,0,0,1,0,0,1,-0.2963532182385123
765,dos santos,0,2,1,0,0,0,0,0,1,-0.2963532182385123
766,sounders,0,1,1,0,0,0,0,0,1,-0.2963532182385123
767,grand ole putin party,0,4,1,0,0,0,0,0,1,-0.2963532182385123
768,learn,0,1,1,0,1,0,1,1,4,-0.09950463006857187
769,salvador sobral,0,2,3,0,0,0,0,1,4,-0.09950463006857187
770,masvidal on the sherdog forums,0,5,1,0,0,0,0,0,1,-0.2963532182385123
771,le pen,0,2,1,0,0,0,0,0,1,-0.2963532182385123
772,champion,0,1,1,0,0,0,2,0,3,-0.16512082612521867
773,sad,0,1,1,0,2,0,12,2,17,0.7535059186678367
774,it aint my fault,0,4,0,0,0,1,0,0,1,-0.2963532182385123
775,mike,0,1,1,0,0,0,0,0,1,-0.2963532182385123
776,ne,0,1,0,0,0,2,0,0,2,-0.23073702218186548
777,yair,0,1,12,0,4,0,0,2,18,0.8191221147244836
778,royce 2.0,0,2,0,1,0,0,0,0,1,-0.2963532182385123
779,house,0,1,17,0,1,0,7,5,30,1.6065164674042451
780,gamebredfighter,0,1,2,0,0,0,0,0,2,-0.23073702218186548
781,moto x4,0,2,2,0,0,0,0,0,2,-0.23073702218186548
782,replace,0,1,1,0,0,1,8,1,11,0.35980874232795584
783,frankie,0,1,11,0,6,0,0,3,20,0.9503545068377772
784,top social artist award army,0,5,0,0,0,1,0,0,1,-0.2963532182385123
785,ny,0,1,0,0,0,1,0,0,1,-0.2963532182385123
786,turkey,0,1,1,0,1,0,1,0,3,-0.16512082612521867
787,titanium,0,1,2,1,0,0,1,0,4,-0.09950463006857187
788,d.o.a,0,1,0,0,0,1,0,0,1,-0.2963532182385123
789,don,0,1,2,0,0,0,1,0,3,-0.16512082612521867
790,whites,0,1,3,0,0,0,9,0,12,0.42542493838460266
791,luhan,0,1,1,0,0,0,0,0,1,-0.2963532182385123
792,sessions page,0,2,1,0,0,0,0,0,1,-0.2963532182385123
793,bill clinton,0,2,2,0,0,0,0,0,2,-0.23073702218186548
794,welterweight,0,1,1,0,0,0,1,0,2,-0.23073702218186548
795,4am,0,1,0,0,0,0,1,0,1,-0.2963532182385123
796,mma,0,1,0,0,0,5,0,0,5,-0.03388843401192505
797,washington post,0,2,23,0,0,0,0,0,23,1.1472030950077174
798,hate,0,1,0,0,1,1,25,2,29,1.5409002713475983
799,democratic,0,1,1,0,0,0,1,0,2,-0.23073702218186548
800,wade,0,1,1,0,0,0,0,0,1,-0.2963532182385123
801,thetvking,0,1,1,0,0,0,0,0,1,-0.2963532182385123
802,become law,0,2,1,0,0,0,0,0,1,-0.2963532182385123
803,go,0,1,4,0,1,1,62,12,80,4.887326270236587
804,paul manafort,0,2,1,0,0,0,0,0,1,-0.2963532182385123
805,progressives,0,1,1,0,0,0,0,0,1,-0.2963532182385123
806,firework,0,1,1,0,0,1,0,0,2,-0.23073702218186548
807,wango tango,0,2,3,0,0,0,0,2,5,-0.03388843401192505
808,tang,0,1,1,0,0,0,0,0,1,-0.2963532182385123
809,flaca,0,1,0,0,0,1,0,0,1,-0.2963532182385123
810,sheila jackson,0,2,1,0,0,0,0,0,1,-0.2963532182385123
811,october,0,1,1,0,0,0,0,0,1,-0.2963532182385123
812,flight back,0,2,1,0,0,0,0,0,1,-0.2963532182385123
813,kay,0,1,2,0,0,0,0,0,2,-0.23073702218186548
814,pantera,0,1,1,0,0,0,1,0,2,-0.23073702218186548
815,sports,0,1,1,0,0,0,2,0,3,-0.16512082612521867
816,village of the damned,0,4,1,0,0,0,0,0,1,-0.2963532182385123
817,bloods,0,1,1,0,0,0,0,0,1,-0.2963532182385123
818,linkin narc,0,2,1,0,0,0,0,0,1,-0.2963532182385123
819,enter ground,0,2,1,0,0,0,0,0,1,-0.2963532182385123
820,take,0,1,2,0,4,0,34,0,40,2.2626784279707133
821,sophie turner,0,2,1,0,0,0,0,0,1,-0.2963532182385123
822,murderous boss,0,2,1,0,0,0,0,0,1,-0.2963532182385123
823,swedish,0,1,1,0,0,0,0,0,1,-0.2963532182385123
824,jimmy fallon sing,0,3,1,0,0,0,0,0,1,-0.2963532182385123
825,rio,0,1,1,0,0,0,0,0,1,-0.2963532182385123
826,watch,0,1,2,0,7,0,23,3,35,1.9345974476874792
827,mexico,0,1,1,0,0,0,0,0,1,-0.2963532182385123
828,9th,0,1,0,0,0,1,0,1,2,-0.23073702218186548
829,mlk,0,1,0,0,0,6,0,0,6,0.03172776204472177
830,senate in 2018,0,3,0,1,0,0,0,0,1,-0.2963532182385123
831,yt13 add42497,0,2,1,0,0,0,0,0,1,-0.2963532182385123
832,himmel och hav,0,3,1,0,0,0,0,0,1,-0.2963532182385123
833,conversation page,0,2,1,0,0,0,0,0,1,-0.2963532182385123
834,sad+bad,0,1,1,0,0,0,0,0,1,-0.2963532182385123
835,white people,0,2,2,2,0,0,18,3,25,1.278435487121011
836,french,0,1,1,0,0,0,0,0,1,-0.2963532182385123
837,dnc,0,1,0,0,0,3,0,0,3,-0.16512082612521867
838,investigate the fbi director,0,4,1,0,0,0,0,0,1,-0.2963532182385123
839,wapo,0,1,3,0,0,2,0,0,5,-0.03388843401192505
840,dm,0,1,0,0,0,2,0,0,2,-0.23073702218186548
841,adam,0,1,1,0,1,1,1,2,6,0.03172776204472177
842,fitch,0,1,1,0,0,0,0,0,1,-0.2963532182385123
843,niall „Äêfr,0,2,0,1,0,0,0,0,1,-0.2963532182385123
844,first,0,1,1,0,4,1,18,1,25,1.278435487121011
845,ceo of russia oil,0,4,1,0,0,0,0,0,1,-0.2963532182385123
846,tinker taylor soldier spicoli,0,4,1,0,0,0,0,0,1,-0.2963532182385123
847,eurovision 2017,0,2,0,1,0,0,0,0,1,-0.2963532182385123
848,woke,0,1,1,0,0,0,1,0,2,-0.23073702218186548
849,bucks fizz,0,2,1,0,0,0,0,0,1,-0.2963532182385123
850,australians,0,1,2,0,0,0,0,0,2,-0.23073702218186548
851,bradford,0,1,1,0,0,0,0,2,3,-0.16512082612521867
852,jd,0,1,0,0,0,2,0,0,2,-0.23073702218186548
853,wonder,0,1,1,0,3,0,4,0,8,0.1629601541580154
854,el joven diario,0,3,1,0,0,0,0,0,1,-0.2963532182385123
855,answers,0,1,1,0,0,0,0,0,1,-0.2963532182385123
856,moscow,0,1,3,0,0,0,0,1,4,-0.09950463006857187
857,power corrupts,0,2,1,0,0,0,0,0,1,-0.2963532182385123
858,anglo celtic australian,0,3,1,0,0,0,0,0,1,-0.2963532182385123
859,muslims,0,1,4,0,0,0,0,0,4,-0.09950463006857187
860,think carter page,0,3,1,1,0,0,0,0,2,-0.23073702218186548
861,amor,0,1,1,0,0,0,0,0,1,-0.2963532182385123
862,joe silva,0,2,2,0,0,1,0,0,3,-0.16512082612521867
863,gop republicans,0,2,1,0,0,0,0,0,1,-0.2963532182385123
864,yeezy yeezy,0,2,1,0,0,0,0,0,1,-0.2963532182385123
865,slayed,0,1,0,0,0,1,0,0,1,-0.2963532182385123
866,dr.king,0,1,1,0,0,0,0,0,1,-0.2963532182385123
867,sessions,0,1,1,0,0,0,4,1,6,0.03172776204472177
868,single,0,1,1,0,0,0,12,1,14,0.5566573304978962
869,american christians,0,2,1,0,0,0,0,0,1,-0.2963532182385123
870,tweets,0,1,1,0,0,0,2,0,3,-0.16512082612521867
871,ufc 211 live stream edgar,0,5,0,2,0,0,0,0,2,-0.23073702218186548
872,love,0,1,0,0,4,5,56,15,80,4.887326270236587
873,lp song,0,2,1,0,0,0,0,0,1,-0.2963532182385123
874,move with the groove,0,4,1,0,0,0,0,0,1,-0.2963532182385123
875,hurry,0,1,2,0,0,0,0,0,2,-0.23073702218186548
876,oil deals with russia,0,4,1,0,0,0,0,0,1,-0.2963532182385123
877,1 trillion medicaid,0,3,0,1,0,0,0,0,1,-0.2963532182385123
878,thehill,0,1,1,0,0,0,1,0,2,-0.23073702218186548
879,f**k,0,1,1,0,0,0,0,0,1,-0.2963532182385123
880,joe jonas,0,2,1,0,0,0,0,0,1,-0.2963532182385123
881,fan poll,0,2,1,0,0,0,0,0,1,-0.2963532182385123
882,congressmen,0,1,1,0,0,0,2,0,3,-0.16512082612521867
883,snapchat,0,1,9,0,0,0,3,0,12,0.42542493838460266
884,antisemitism,0,1,1,0,0,0,0,0,1,-0.2963532182385123
885,european,0,1,1,0,0,0,1,1,3,-0.16512082612521867
886,stella,0,1,1,0,0,0,0,1,2,-0.23073702218186548
887,civil rights laws,0,3,1,0,0,0,0,0,1,-0.2963532182385123
888,alex caceres,0,2,1,0,0,0,0,0,1,-0.2963532182385123
889,miley,0,1,6,0,14,0,1,1,22,1.0815868989510706
890,salvador,0,1,4,0,2,0,0,2,8,0.1629601541580154
891,matt brown,0,2,1,0,0,0,0,0,1,-0.2963532182385123
892,top spanish,0,2,1,0,0,0,0,0,1,-0.2963532182385123
893,dump,0,1,1,0,0,0,2,0,3,-0.16512082612521867
894,theresa may,0,2,1,0,0,0,0,0,1,-0.2963532182385123
895,obama ck,0,2,1,0,0,0,0,0,1,-0.2963532182385123
896,nice trump,0,2,1,0,0,0,0,0,1,-0.2963532182385123
897,arizona,0,1,1,0,0,0,0,0,1,-0.2963532182385123
898,putin puppet show,0,3,1,0,0,0,0,0,1,-0.2963532182385123
899,obamacare deplorable,0,2,1,0,0,0,0,0,1,-0.2963532182385123
900,natal,0,1,1,0,0,0,0,0,1,-0.2963532182385123
901,gigi hadid,0,2,1,0,0,0,0,0,1,-0.2963532182385123
902,lovely owls,0,2,1,0,0,0,0,0,1,-0.2963532182385123
903,russia,0,1,42,0,2,0,2,1,47,2.721991800367241
904,congressional gopers,0,2,1,0,0,0,0,0,1,-0.2963532182385123
905,look,0,1,1,0,4,0,15,7,27,1.4096678792343047
906,got,0,1,2,0,2,0,46,4,54,3.1813051727637687
907,ignant,0,1,1,0,0,0,0,0,1,-0.2963532182385123
908,hillary clinton,0,2,3,0,0,0,0,4,7,0.09734395810136857
909,tokio hotel,0,2,1,0,0,0,0,0,1,-0.2963532182385123
910,donald,0,1,3,0,0,0,1,0,4,-0.09950463006857187
911,gop,0,1,1,0,0,24,0,5,30,1.6065164674042451
912,maryland,0,1,1,0,0,0,0,0,1,-0.2963532182385123
913,kells,0,1,1,0,0,0,0,0,1,-0.2963532182385123
914,finally a special prosecutor,0,4,1,0,0,0,0,0,1,-0.2963532182385123
915,m5,0,1,1,0,0,0,0,0,1,-0.2963532182385123
916,2013 feels,0,2,0,0,0,1,0,0,1,-0.2963532182385123
917,dustin poirier,0,2,1,0,0,0,0,0,1,-0.2963532182385123
918,tango,0,1,2,0,0,0,0,0,2,-0.23073702218186548
919,nkorea,0,1,1,0,0,0,0,0,1,-0.2963532182385123
920,funny puppy drinking milk,0,4,1,0,0,0,0,0,1,-0.2963532182385123
921,fisa,0,1,1,0,0,11,0,1,13,0.49104113444124947
922,los angeles releases the lineup,0,5,1,0,0,0,0,0,1,-0.2963532182385123
923,devin nunes,0,2,4,0,0,0,0,1,5,-0.03388843401192505
924,45ers,0,1,0,0,0,0,1,0,1,-0.2963532182385123
925,guilt,0,1,0,0,0,1,8,2,11,0.35980874232795584
926,feet king size normal,0,4,1,0,0,0,0,0,1,-0.2963532182385123
927,cnn house republicans,0,3,1,0,0,0,0,0,1,-0.2963532182385123
928,jason blossom,0,2,1,0,0,0,0,0,1,-0.2963532182385123
929,coloradans,0,1,1,0,0,0,0,0,1,-0.2963532182385123
930,vets,0,1,1,0,0,0,0,0,1,-0.2963532182385123
931,wee bum,0,2,1,0,0,0,0,0,1,-0.2963532182385123
932,sowell,0,1,1,0,0,0,0,0,1,-0.2963532182385123
933,see,0,1,1,0,3,0,64,8,76,4.6248614860099995
934,vs reality ‚Äîhappy moth,0,4,0,0,0,1,0,0,1,-0.2963532182385123
935,gignac,0,1,1,0,0,0,0,0,1,-0.2963532182385123
936,canadian,0,1,4,0,0,0,0,0,4,-0.09950463006857187
937,hitler,0,1,6,0,0,0,0,1,7,0.09734395810136857
938,lord vader,0,2,1,0,0,0,0,0,1,-0.2963532182385123
939,gopers,0,1,1,0,0,0,0,0,1,-0.2963532182385123
940,poles,0,1,1,0,0,0,0,0,1,-0.2963532182385123
941,coulter,0,1,1,0,0,0,0,0,1,-0.2963532182385123
942,luisa,0,1,2,0,0,0,0,0,2,-0.23073702218186548
943,shows,0,1,1,0,0,0,7,0,8,0.1629601541580154
944,office space,0,2,1,0,0,0,0,0,1,-0.2963532182385123
945,proof,0,1,0,0,1,1,6,0,8,0.1629601541580154
946,puppet master,0,2,1,0,0,0,0,0,1,-0.2963532182385123
947,get,0,1,3,0,3,0,76,9,91,5.609104426859702
948,wales,0,1,1,0,0,0,0,0,1,-0.2963532182385123
949,trump coffins,0,2,1,0,0,0,0,0,1,-0.2963532182385123
950,chester bennington,0,2,1,0,0,0,0,0,1,-0.2963532182385123
951,real madrid,0,2,1,0,0,0,0,0,1,-0.2963532182385123
952,victory,0,1,1,0,0,0,5,0,6,0.03172776204472177
953,moro,0,1,1,0,0,0,0,0,1,-0.2963532182385123
954,oaklettes learn,0,2,1,0,0,0,0,0,1,-0.2963532182385123
955,bush,0,1,1,0,0,0,0,2,3,-0.16512082612521867
956,probable,0,1,1,0,0,0,14,0,15,0.622273526554543
957,blair,0,1,1,0,0,0,0,0,1,-0.2963532182385123
958,latest,0,1,0,0,0,1,6,0,7,0.09734395810136857
959,lose,0,1,1,0,0,1,16,4,22,1.0815868989510706
960,healthcare,0,1,1,0,1,0,23,4,29,1.5409002713475983
961,dead,0,1,1,0,0,0,3,1,5,-0.03388843401192505
962,bc,0,1,0,0,0,1,5,1,7,0.09734395810136857
963,asshats,0,1,0,0,0,1,0,0,1,-0.2963532182385123
964,carter page.y,0,2,1,0,0,0,0,0,1,-0.2963532182385123
965,pop bubbles,0,2,1,0,0,0,0,0,1,-0.2963532182385123
966,nialler,0,1,1,0,1,0,0,0,2,-0.23073702218186548
967,ko'd,0,1,1,0,0,0,0,0,1,-0.2963532182385123
968,whatcha,0,1,1,0,0,0,0,0,1,-0.2963532182385123
969,type 1,0,2,0,1,0,0,0,0,1,-0.2963532182385123
970,eerie linkin park,0,3,1,0,0,0,0,0,1,-0.2963532182385123
971,god,0,1,11,0,5,1,5,5,27,1.4096678792343047
972,ryan gosling in la la land,0,6,1,0,0,0,0,0,1,-0.2963532182385123
973,avril lavigne,0,2,1,0,0,0,0,0,1,-0.2963532182385123
974,trumps,0,1,1,0,0,0,1,0,2,-0.23073702218186548
975,barry,0,1,1,0,0,0,0,1,2,-0.23073702218186548
976,brad pitt,0,2,1,0,0,0,0,0,1,-0.2963532182385123
977,african american,0,2,1,0,0,0,0,0,1,-0.2963532182385123
978,red carpet,0,2,1,0,0,0,1,0,2,-0.23073702218186548
979,new health hashtag,0,3,1,0,0,0,0,0,1,-0.2963532182385123
980,together,0,1,1,0,0,0,8,0,9,0.22857635021466222
981,the human cellophane,0,3,1,0,0,0,0,0,1,-0.2963532182385123
982,died,0,1,0,0,0,1,4,0,5,-0.03388843401192505
983,kwazulu,0,1,1,0,0,0,0,0,1,-0.2963532182385123
984,masvidal ko,0,2,1,0,0,0,0,0,1,-0.2963532182385123
985,rose garden,0,2,2,0,0,0,0,0,2,-0.23073702218186548
986,jesus christ,0,2,1,0,0,0,0,0,1,-0.2963532182385123
987,slow hands,0,2,6,0,0,0,0,2,8,0.1629601541580154
988,lee lin,0,2,1,0,0,0,0,0,1,-0.2963532182385123
989,wrong,0,1,0,0,0,1,5,1,7,0.09734395810136857
990,greet,0,1,1,0,0,0,2,0,3,-0.16512082612521867
991,un secgen,0,2,1,0,0,0,0,0,1,-0.2963532182385123
992,force,0,1,1,0,0,0,3,0,4,-0.09950463006857187
993,australian,0,1,8,0,0,0,0,1,9,0.22857635021466222
994,spineless mayonnaise turds celebrate victory,0,5,1,0,0,0,0,0,1,-0.2963532182385123
995,donors,0,1,1,0,0,0,1,0,2,-0.23073702218186548
996,team pop,0,2,1,0,0,0,0,0,1,-0.2963532182385123
997,mma tycoon,0,2,1,0,0,0,0,0,1,-0.2963532182385123
998,muslim in america,0,3,1,0,0,0,0,0,1,-0.2963532182385123
999,rich,0,1,1,0,0,0,12,2,15,0.622273526554543
1000,warrant on carter page,0,4,2,0,0,0,0,0,2,-0.23073702218186548
1001,sen,0,1,1,0,0,0,0,0,1,-0.2963532182385123
1002,western,0,1,1,0,0,0,1,0,2,-0.23073702218186548
1003,grand favourite,0,2,1,0,0,0,0,0,1,-0.2963532182385123
1004,stipe,0,1,3,0,0,0,1,0,4,-0.09950463006857187
1005,scary clown cars,0,3,1,0,0,0,0,0,1,-0.2963532182385123
1006,united states of west america,0,5,1,0,0,0,0,0,1,-0.2963532182385123
1007,republican fbi director comey refused,0,5,1,0,0,0,0,0,1,-0.2963532182385123
1008,true equality,0,2,1,0,0,0,0,0,1,-0.2963532182385123
1009,twitter,0,1,6,0,1,0,2,3,12,0.42542493838460266
1010,house passage,0,2,2,0,0,0,0,0,2,-0.23073702218186548
1011,europe,0,1,13,2,1,0,3,6,25,1.278435487121011
1012,msm,0,1,0,0,0,5,0,1,6,0.03172776204472177
1013,mcdonald,0,1,1,0,0,0,0,0,1,-0.2963532182385123
1014,wrestlemania,0,1,1,0,0,0,0,0,1,-0.2963532182385123
1015,chase sherman,0,2,1,0,0,0,0,0,1,-0.2963532182385123
1016,portugal,0,1,19,0,9,0,0,6,34,1.8689812516308324
1017,ahca,0,1,0,0,0,5,0,0,5,-0.03388843401192505
1018,party,0,1,1,0,2,0,17,3,23,1.1472030950077174
1019,one,0,1,0,0,7,1,78,5,91,5.609104426859702
1020,darth vader,0,2,1,0,0,0,0,0,1,-0.2963532182385123
1021,chechnya,0,1,1,0,0,0,0,0,1,-0.2963532182385123
1022,judy,0,1,1,0,0,0,0,0,1,-0.2963532182385123
1023,district,0,1,1,0,0,0,0,0,1,-0.2963532182385123
1024,shit,0,1,0,0,1,1,30,3,35,1.9345974476874792
1025,brazilian,0,1,1,0,0,0,0,0,1,-0.2963532182385123
1026,str8 g,0,2,1,0,0,0,0,0,1,-0.2963532182385123
1027,wcs,0,1,0,0,0,1,0,0,1,-0.2963532182385123
1028,need,0,1,0,0,0,2,31,5,38,2.1314460358574197
1029,ic,0,1,0,0,0,1,0,0,1,-0.2963532182385123
1030,djt,0,1,0,0,0,3,0,0,3,-0.16512082612521867
1031,hope maia,0,2,1,3,0,0,0,0,4,-0.09950463006857187
1032,privilege,0,1,0,0,0,1,8,4,13,0.49104113444124947
1033,special education,0,2,1,0,0,0,1,0,2,-0.23073702218186548
1034,deplorable,0,1,1,0,0,0,4,0,5,-0.03388843401192505
1035,jorge masvidal,0,2,5,0,0,0,0,1,6,0.03172776204472177
1036,dance,0,1,0,0,0,1,3,0,4,-0.09950463006857187
1037,using siri,0,2,1,0,0,0,0,0,1,-0.2963532182385123
1038,striking,0,1,1,0,0,0,1,0,2,-0.23073702218186548
1039,mothers,0,1,1,0,0,0,1,0,2,-0.23073702218186548
1040,jurassic world trailer,0,3,1,0,0,0,0,0,1,-0.2963532182385123
1041,recess,0,1,1,0,0,0,0,0,1,-0.2963532182385123
1042,spain,0,1,1,0,3,0,0,2,6,0.03172776204472177
1043,holocaust centers,0,2,2,0,0,0,0,1,3,-0.16512082612521867
1044,rd 1,0,2,0,1,0,0,0,0,1,-0.2963532182385123
1045,anna wintour,0,2,1,0,0,0,0,0,1,-0.2963532182385123
1046,216th,0,1,0,0,0,0,1,0,1,-0.2963532182385123
1047,sweden,0,1,4,0,0,0,0,1,5,-0.03388843401192505
1048,rotherham,0,1,1,0,0,0,0,0,1,-0.2963532182385123
1049,great,0,1,1,0,9,0,21,2,33,1.8033650555741856
1050,cheetolini,0,1,1,0,0,0,0,0,1,-0.2963532182385123
1051,eurovision shut,0,2,0,0,0,1,0,0,1,-0.2963532182385123
1052,kill children,0,2,0,0,0,1,0,0,1,-0.2963532182385123
1053,martian,0,1,1,0,0,0,0,0,1,-0.2963532182385123
1054,australia,0,1,6,2,2,0,3,6,19,0.8847383107811304
1055,27th,0,1,0,0,0,0,1,0,1,-0.2963532182385123
1056,katy perry performing,0,3,1,0,0,0,0,0,1,-0.2963532182385123
1057,matchmaker joe silva,0,3,1,1,0,0,0,0,2,-0.23073702218186548
1058,get help,0,2,1,0,0,0,0,0,1,-0.2963532182385123
1059,juno mission,0,2,1,0,0,0,0,0,1,-0.2963532182385123
1060,world news,0,2,2,0,0,0,0,0,2,-0.23073702218186548
1061,western cape,0,2,1,0,0,0,0,0,1,-0.2963532182385123
1062,this town,0,2,5,0,0,1,0,0,6,0.03172776204472177
1063,countries,0,1,1,0,0,0,7,0,8,0.1629601541580154
1064,holloway,0,1,2,0,1,0,0,0,3,-0.16512082612521867
1065,loyal gop,0,2,1,0,0,0,0,0,1,-0.2963532182385123
1066,infidels,0,1,0,0,0,1,0,0,1,-0.2963532182385123
1067,jeff sessions,0,2,3,0,0,0,0,0,3,-0.16512082612521867
1068,dt,0,1,0,0,0,3,0,0,3,-0.16512082612521867
1069,officer william stacy,0,3,1,0,0,0,0,0,1,-0.2963532182385123
1070,ruth,0,1,1,0,0,0,0,0,1,-0.2963532182385123
1071,2017 song,0,2,0,2,0,0,0,0,2,-0.23073702218186548
1072,wash post,0,2,1,0,0,0,0,0,1,-0.2963532182385123
1073,tb,0,1,0,0,0,1,0,0,1,-0.2963532182385123
1074,marketwatch,0,1,0,0,0,1,0,0,1,-0.2963532182385123
1075,starving,0,1,1,0,0,0,1,0,2,-0.23073702218186548
1076,petra,0,1,1,0,0,0,0,0,1,-0.2963532182385123
1077,europeans,0,1,4,0,0,0,0,0,4,-0.09950463006857187
1078,gamebred,0,1,2,0,1,0,0,0,3,-0.16512082612521867
1079,actually,0,1,1,0,3,0,14,2,20,0.9503545068377772
1080,bruce buffer,0,2,1,0,0,0,0,0,1,-0.2963532182385123
1081,wnyers,0,1,1,0,0,0,0,0,1,-0.2963532182385123
1082,mike flynn,0,2,1,0,0,0,0,0,1,-0.2963532182385123
1083,yair rodr√≠guez,0,2,1,0,0,0,0,0,1,-0.2963532182385123
1084,democrats,0,1,8,0,6,0,1,1,16,0.6878897226111899
1085,2015 modular phone,0,3,0,1,0,0,0,0,1,-0.2963532182385123
1086,30k,0,1,0,0,0,1,0,0,1,-0.2963532182385123
1087,max,0,1,1,0,0,0,0,0,1,-0.2963532182385123
1088,demianmaia,0,1,1,0,0,0,1,0,2,-0.23073702218186548
1089,zionist,0,1,1,0,0,0,0,0,1,-0.2963532182385123
1090,1st,0,1,0,0,0,0,2,1,3,-0.16512082612521867
1091,hispanics,0,1,1,0,0,0,0,0,1,-0.2963532182385123
1092,gamebread 3,0,2,0,1,0,0,0,0,1,-0.2963532182385123
1093,guy,0,1,1,0,0,0,16,0,17,0.7535059186678367
1094,albert einstein,0,2,1,0,0,0,0,0,1,-0.2963532182385123
1095,representatives,0,1,1,0,0,0,2,0,3,-0.16512082612521867
1096,single country,0,2,0,0,0,1,0,0,1,-0.2963532182385123
1097,hilary,0,1,1,0,0,0,1,1,3,-0.16512082612521867
1098,october 28,0,2,0,1,0,0,0,0,1,-0.2963532182385123
1099,stupid,0,1,1,0,0,0,13,1,15,0.622273526554543
1100,vlad putin,0,2,1,0,0,0,0,0,1,-0.2963532182385123
1101,got barfy cam,0,3,1,0,0,0,0,0,1,-0.2963532182385123
1102,migos,0,1,1,0,0,0,0,0,1,-0.2963532182385123
1103,sam clovis,0,2,2,0,0,0,0,0,2,-0.23073702218186548
1104,magat,0,1,1,0,0,0,0,0,1,-0.2963532182385123
1105,sing,0,1,1,0,1,0,7,2,11,0.35980874232795584
1106,white,0,1,5,0,4,0,57,9,75,4.559245289953353
1107,passed a bill,0,3,1,0,0,0,2,0,3,-0.16512082612521867
1108,ann courter,0,2,1,0,0,0,0,0,1,-0.2963532182385123
1109,ireland,0,1,3,0,1,0,0,1,5,-0.03388843401192505
1110,carter page.fisa,0,2,1,0,0,0,0,0,1,-0.2963532182385123
1111,2day,0,1,0,0,0,0,2,0,2,-0.23073702218186548
1112,rice,0,1,4,0,0,0,0,0,4,-0.09950463006857187
1113,right,0,1,0,0,1,2,45,7,55,3.2469213688204155
1114,george soros,0,2,6,0,0,0,0,2,8,0.1629601541580154
1115,demian maia,0,2,13,1,0,0,0,2,16,0.6878897226111899
1116,poland,0,1,2,0,0,0,0,0,2,-0.23073702218186548
1117,congressional house,0,2,1,0,0,0,0,0,1,-0.2963532182385123
1118,lgbt,0,1,0,0,0,1,0,0,1,-0.2963532182385123
1119,london,0,1,1,0,0,0,0,0,1,-0.2963532182385123
1120,snub house bill,0,3,1,0,0,0,0,0,1,-0.2963532182385123
1121,fun fact,0,2,0,0,0,1,0,0,1,-0.2963532182385123
1122,africa,0,1,2,0,0,0,0,1,3,-0.16512082612521867
1123,comey,0,1,6,0,3,0,0,3,12,0.42542493838460266
1124,violet,0,1,2,0,0,0,0,0,2,-0.23073702218186548
1125,zero,0,1,1,0,0,0,0,0,1,-0.2963532182385123
1126,july 28,0,2,0,1,0,0,0,0,1,-0.2963532182385123
1127,teenage dream,0,2,1,0,0,0,0,0,1,-0.2963532182385123
1128,trump,0,1,160,1,11,3,9,18,202,12.892502189147496
1129,mpumalanga,0,1,1,0,0,0,0,0,1,-0.2963532182385123
1130,finnish,0,1,1,0,0,0,0,0,1,-0.2963532182385123
1131,crush,0,1,0,0,0,1,0,0,1,-0.2963532182385123
1132,pics of miley,0,3,1,1,0,0,0,0,2,-0.23073702218186548
1133,600k rep,0,2,0,1,0,0,0,0,1,-0.2963532182385123
1134,fbi fisa,0,2,0,0,0,1,0,0,1,-0.2963532182385123
1135,chester,0,1,1,0,0,0,0,0,1,-0.2963532182385123
1136,brit,0,1,1,0,0,0,0,0,1,-0.2963532182385123
1137,krzysztof jotko,0,2,1,0,0,0,0,0,1,-0.2963532182385123
1138,40s,0,1,0,0,0,0,1,0,1,-0.2963532182385123
1139,authoritarian kleptocracy,0,2,1,0,0,0,0,0,1,-0.2963532182385123
1140,mother russia,0,2,1,0,0,0,0,0,1,-0.2963532182385123
1141,manafort,0,1,4,0,0,0,0,0,4,-0.09950463006857187
1142,confirming fisa,0,2,1,0,0,0,0,0,1,-0.2963532182385123
1143,government,0,1,1,0,0,0,6,1,8,0.1629601541580154
1144,bon appetit,0,2,1,0,0,0,0,0,1,-0.2963532182385123
1145,jolene,0,1,5,0,0,0,0,1,6,0.03172776204472177
1146,8yr bc,0,2,0,1,0,0,0,0,1,-0.2963532182385123
1147,exploded,0,1,0,0,0,1,0,0,1,-0.2963532182385123
1148,tillerson,0,1,1,0,0,0,0,0,1,-0.2963532182385123
1149,26th,0,1,0,0,0,0,1,0,1,-0.2963532182385123
1150,take the red pill,0,4,1,0,0,0,0,0,1,-0.2963532182385123
1151,carter,0,1,3,0,1,0,0,2,6,0.03172776204472177
1152,joanna,0,1,1,0,0,0,0,0,1,-0.2963532182385123
1153,mccanns,0,1,1,0,0,0,0,0,1,-0.2963532182385123
